type_search,place_search,street,PLZ,price,features,availability,object_type,number_of_rooms,number_of_floors,living_area,land_area,volume,construction_year,last_rennovation,number_of_appartments,height_rooms
haus,st-gallen,"Kronbergstrasse, ",9240 Uzwil, 1861800.– ,"Balkon / Terrasse, Cheminée, Aussicht, Kinderfreundlich, Garage, Neubau, Minergie Bauweise",31.10.2024,Doppeleinfamilienhaus,3.5,3,250 m²,328 m²,1205 m³,2024,,,2.4
haus,st-gallen,,9423 Altenrhein, 1656360.– ,"Haustiere erlaubt, Balkon / Terrasse, Reduit, Geschirrspüler, Steamer, Kabel-TV, Cheminée, Aussicht, Rollstuhlgängig, Kinderfreundlich, Spielplatz, Parkplatz, Garage",Nach Vereinbarung,Einfamilienhaus,3.5,2,200 m²,780 m²,,2000,2010,,
haus,st-gallen,,9000 St. Gallen,auf Anfrage,"Haustiere erlaubt, Balkon / Terrasse, Reduit, Geschirrspüler, Steamer, Kabel-TV, Cheminée, Aussicht, Rollstuhlgängig, Kinderfreundlich, Spielplatz, Parkplatz, Garage, Lift, Swimmingpool, Altbau, Minergie zertifiziert",Sofort,Villa,3,2,890 m²,2500 m²,,2012,,,
haus,st-gallen,"Schmidbergstrasse 8, ",9631 Ulisbach,auf Anfrage,"Balkon / Terrasse, Cheminée, Aussicht, Kinderfreundlich, Parkplatz, Garage, Altbau",Sofort,Einfamilienhaus,3.5,4,120 m²,644 m²,957 m³,1933,2017,,2.2
haus,st-gallen,,8881 Tscherlach, 1123500.– ,"Balkon / Terrasse, Cheminée, Kinderfreundlich, Garage",Nach Vereinbarung,Reihenfamilienhaus,2.5,3,120 m²,230 m²,,1993,2022,,
haus,st-gallen,"Hörenstrasse 20, ",9113 Degersheim, 1521540.– ,"Balkon / Terrasse, Aussicht, Kinderfreundlich, Parkplatz, Garage, Neubau, Minergie Bauweise",30.09.2026,Doppeleinfamilienhaus,3.5,3,200 m²,324 m²,900 m³,2026,,,2.42
haus,st-gallen,"Ulrich-Röschstrasse 10, ",9500 Wil SG, 2811960.– ,"Haustiere erlaubt, Balkon / Terrasse, Keller, Reduit, Geschirrspüler, Steamer, Kabel-TV, Aussicht, Kinderfreundlich, Parkplatz, Garage, Neubau, Minergie zertifiziert",01.05.2025,Einfamilienhaus,3,4,270 m²,329 m²,1438 m³,2024,,,
haus,st-gallen,,9500 Wil,auf Anfrage,"Balkon / Terrasse, Kabel-TV, Ruhige Lage, Kinderfreundlich, Parkplatz, Garage, Lift, Neubau",Nach Vereinbarung,Villa,4.5,3,390 m²,867 m²,,2022,,,
haus,st-gallen,"Solenbergstrasse 106, ",8723 Schänis, 1457340.– ,"Balkon / Terrasse, Aussicht, Ruhige Lage, Parkplatz, Garage, Neubau, Minergie zertifiziert, Minergie Bauweise",Nach Vereinbarung,Doppeleinfamilienhaus,3.5,2,190 m²,,,2023,,,
haus,st-gallen,,8730 Uznach, 2439600.– ,"Balkon / Terrasse, Aussicht, Ruhige Lage, Kinderfreundlich, Parkplatz, Garage, Neubau",Sofort,Einfamilienhaus,3.5,4,260 m²,424 m²,,2025,,,
haus,st-gallen,"Lindaustrasse 10a, ",9524 Zuzwil SG,auf Anfrage,"Haustiere erlaubt, Kabel-TV, Kinderfreundlich, Bauland erschlossen, Neubau",Nach Vereinbarung,Einfamilienhaus,3.5,3,190 m²,497 m²,1007 m³,2024,,,
haus,st-gallen,"Solenberg 106, ",8723 Schänis, 1656360.– ,"Balkon / Terrasse, Aussicht, Ruhige Lage, Kinderfreundlich, Parkplatz, Garage, Neubau, Minergie zertifiziert, Minergie Bauweise",Nach Vereinbarung,Doppeleinfamilienhaus,3.5,2,210 m²,,,2023,,,
haus,st-gallen,,9010 St. Gallen,auf Anfrage,"Balkon / Terrasse, Cheminée, Aussicht, Kinderfreundlich, Parkplatz, Neubau",Nach Vereinbarung,Villa,3.5,,520 m²,,,2018,,,
haus,st-gallen,"Neuwiesstrasse 6a, ",9435 Heerbrugg, 1791180.– ,"Haustiere erlaubt, Kabel-TV, Kinderfreundlich, Parkplatz, Garage, Bauland erschlossen, Neubau",Nach Vereinbarung,Einfamilienhaus,3.5,2,190 m²,396 m²,750 m³,2024,,,2.45
haus,st-gallen,"Kirchenaustrasse, ",9430 St. Margrethen SG, 1348200.– ,"Balkon / Terrasse, Reduit, Geschirrspüler, Steamer, Kinderfreundlich, Spielplatz, Parkplatz, Garage, Neubau, Mittelhaus",Nach Vereinbarung,Reihenfamilienhaus,3.5,2,220 m²,735 m²,1220 m³,2025,,,2.4
haus,st-gallen,"Unterdorfstrasse, ",9621 Oberhelfenschwil, 1784760.– ,"Balkon / Terrasse, Aussicht, Ruhige Lage, Kinderfreundlich, Parkplatz, Garage, Neubau, Minergie Bauweise",Sofort,Einfamilienhaus,3.5,2,190 m²,751 m²,956 m³,2024,,,2.45
haus,st-gallen,,9000 St. Gallen, 64200.– ,"Balkon / Terrasse, Parkplatz",Sofort,Mehrfamilienhaus,,5,,,,1965,,5,
haus,st-gallen,"Kobelwies 25, ",9463 Oberriet, 731880.– ,"Balkon / Terrasse, Cheminée, Parkplatz, Garage, Altbau",Sofort,Einfamilienhaus,3,3,160 m²,293 m²,,1920,2013,,
haus,st-gallen,"Scherlerweg 12, ",9445 Rebstein, 943740.– ,"Balkon / Terrasse, Kabel-TV, Cheminée, Aussicht, Ruhige Lage, Kinderfreundlich, Parkplatz, Garage",Nach Vereinbarung,Reihenfamilienhaus,3.5,3,190 m²,,,,2022,,
haus,st-gallen,"Brüggershofstrasse 27, ",9424 Rheineck, 1014360.– ,Parkplatz,Sofort,Mehrfamilienhaus,5,4,270 m²,339 m²,785 m³,1920,2019,,2.3
haus,st-gallen,"Schlossfeld 11, ",9470 Buchs SG, 1836120.– ,"Balkon / Terrasse, Cheminée, Aussicht, Parkplatz, Garage, Altbau",Nach Vereinbarung,Einfamilienhaus,3.5,3,170 m²,783 m²,,1979,,,2.4
haus,st-gallen,"Hostetgass 29, ",9470 Buchs SG, 1720560.– ,"Cheminée, Kinderfreundlich",Sofort,Einfamilienhaus,3.5,4,,372 m²,1051 m³,,2022,,
haus,st-gallen,"Grubenstrasse, ",9500 Wil SG, 3723600.– ,"Haustiere erlaubt, Balkon / Terrasse, Reduit, Geschirrspüler, Kabel-TV, Aussicht, Rollstuhlgängig, Kinderfreundlich, Garage, Lift, Minergie zertifiziert, Minergie Bauweise",Nach Vereinbarung,Einfamilienhaus,3,2,320 m²,1226 m²,1380 m³,2018,,,
haus,st-gallen,"Im Bitzi 17, ",9523 Züberwangen, 1149180.– ,"Balkon / Terrasse, Cheminée, Aussicht, Kinderfreundlich, Parkplatz, Garage",Sofort,Doppeleinfamilienhaus,3.5,3,190 m²,367 m²,748 m³,1995,,,
haus,st-gallen,"Oberer Baumgarten 17, ",9127 St. Peterzell, 1142760.– ,Garage,Nach Vereinbarung,Einfamilienhaus,3.5,3,260 m²,585 m²,,1993,,,
haus,st-gallen,"Revierstrasse, ",9631 Wattwil, 1624260.– ,"Balkon / Terrasse, Garage, Neubau",01.03.2025,Doppeleinfamilienhaus,3.5,4,230 m²,455 m²,,2024,,,
haus,st-gallen,,9014 St. Gallen, 4750800.– ,"Balkon / Terrasse, Aussicht, Kinderfreundlich, Garage, Neubau",Sofort,Villa,3.5,4,350 m²,753 m²,1930 m³,2019,2020,,
haus,st-gallen,"Hinterburgstrasse 8, ",9442 Berneck, 3595200.– ,"Balkon / Terrasse, Mit Gartenhaus, Cheminée, Aussicht, Kinderfreundlich, Parkplatz, Garage",Nach Vereinbarung,Einfamilienhaus,,,740 m²,2133 m²,4431 m³,1977,2009,2,
haus,st-gallen,"Rheinstrasse 14, ",7310 Bad Ragaz, 3826320.– ,"Balkon / Terrasse, Rollstuhlgängig",Nach Vereinbarung,Einfamilienhaus,2.5,,380 m²,1021 m²,,1978,2018,1,
haus,st-gallen,"Geienberg 923, ",9475 Sevelen,auf Anfrage,"Balkon / Terrasse, Aussicht, Kinderfreundlich, Parkplatz",Nach Vereinbarung,Einfamilienhaus,4.5,,300 m²,1183 m²,,1919,2024,1,
haus,st-gallen,,9424 Rheineck, 1027200.– ,"Balkon / Terrasse, Mit Gartenhaus, Aussicht, Kinderfreundlich, Parkplatz, Garage",Sofort,Einfamilienhaus,4.5,,210 m²,205 m²,,1920,2020,,
haus,st-gallen,,9014 St. Gallen, 1656360.– ,"Balkon / Terrasse, Mit Gartenhaus, Kinderfreundlich, Garage",Nach Vereinbarung,Einfamilienhaus,3.5,,200 m²,813 m²,711 m³,1967,,,
haus,st-gallen,"Widen 2, ",9475 Sevelen, 1187700.– ,"Kabel-TV, Kinderfreundlich, Parkplatz",Nach Vereinbarung,Einfamilienhaus,3.5,,120 m²,697 m²,605 m³,1951,2012,,
haus,st-gallen,"Unterplattenstrasse 46, ",9620 Lichtensteig, 1913160.– ,"Kinderfreundlich, Parkplatz, Garage, Bauland erschlossen",Nach Vereinbarung,Einfamilienhaus,3.5,,190 m²,616 m²,967 m³,2018,,,
haus,st-gallen,"Flumserberg Portels, ",8895 Flumserberg Portels, 1784760.– ,"Aussicht, Parkplatz, Garage",Sofort,Einfamilienhaus,3.5,3,270 m²,722 m²,900 m³,1958,2013,,
haus,st-gallen,,9244 Niederuzwil,auf Anfrage,"Balkon / Terrasse, Cheminée, Aussicht, Kinderfreundlich, Lift, Swimmingpool, Neubau",Sofort,Einfamilienhaus,4.5,,750 m²,1461 m²,2156 m³,,2022,,
haus,st-gallen,"Wil SG, ",9500 Wil SG, 1348200.– ,"Balkon / Terrasse, Parkplatz, Garage",Sofort,Reihenfamilienhaus,3.5,3,180 m²,510 m²,701 m³,1972,2015,,
haus,st-gallen,"Rosengartenstrasse 9, ",7324 Vilters, 2760600.– ,"Balkon / Terrasse, Kabel-TV, Cheminée, Kinderfreundlich, Parkplatz",Nach Vereinbarung,Einfamilienhaus,3.5,,590 m²,2046 m²,2949 m³,1981,,,
haus,st-gallen,"Rorschach, ",9400 Rorschach, 1919580.– ,,Nach Vereinbarung,Mehrfamilienhaus,,3,,,,1920,2014,,
haus,st-gallen,"Appenzellerstrasse 3, ",9425 Thal, 1309680.– ,"Haustiere erlaubt, Kinderfreundlich, Parkplatz",Nach Vereinbarung,Mehrfamilienhaus,,3,330 m²,248 m²,1183 m³,1920,2017,4,
haus,st-gallen,"Hauptstrasse, ",8872 Weesen, 1643520.– ,"Balkon / Terrasse, Aussicht, Kinderfreundlich, Garage",Nach Vereinbarung,Doppeleinfamilienhaus,3.5,4,260 m²,302 m²,887 m³,2004,,,
haus,st-gallen,"Gossau SG, ",9200 Gossau SG, 1405980.– ,"Cheminée, Parkplatz, Garage",Sofort,Reihenfamilienhaus,3.5,3,170 m²,502 m²,843 m³,2000,2006,,
haus,st-gallen,"St. Gallenkappel, ",8735 St. Gallenkappel,auf Anfrage,"Aussicht, Garage",Nach Vereinbarung,Reihenfamilienhaus,3.5,3,180 m²,301 m²,966 m³,1998,,,
haus,st-gallen,"Degersheim, ",9113 Degersheim, 1733400.– ,"Parkplatz, Garage",Nach Vereinbarung,Mehrfamilienhaus,,3,,,,1965,2023,,
haus,st-gallen,"Weisstannerstrasse 256, ",7326 Weisstannen, 847440.– ,"Kabel-TV, Cheminée, Kinderfreundlich",Nach Vereinbarung,Einfamilienhaus,3.5,,210 m²,358 m²,633 m³,,,,
haus,st-gallen,"Gartenstrasse 21, ",9443 Widnau, 2118600.– ,"Kabel-TV, Cheminée, Kinderfreundlich, Parkplatz, Garage",Nach Vereinbarung,Einfamilienhaus,3.5,3,320 m²,606 m²,1156 m³,1960,2006,1,
haus,st-gallen,"Linsenbühlstrasse 74a, ",9000 St. Gallen, 1149180.– ,,Nach Vereinbarung,Einfamilienhaus,3.5,,130 m²,38 m²,315 m³,1920,,,
haus,st-gallen,"Sturzbüchelstrasse 25a, ",9300 Wittenbach, 1605000.– ,Garage,Nach Vereinbarung,Einfamilienhaus,3.5,3,200 m²,938 m²,,,,,
haus,st-gallen,"Schwendistrasse 34, ",9125 Brunnadern, 1656360.– ,,Nach Vereinbarung,Einfamilienhaus,3.5,,220 m²,1773 m²,,1862,,,
haus,st-gallen,"Oberfeldstrasse 9b, ",9445 Rebstein, 449400.– ,,Sofort,Reihenfamilienhaus,2,,45 m²,359 m²,,1920,,,
haus,st-gallen,"Hüttenbrunnenweg 3, ",9476 Weite, 1271160.– ,"Kabel-TV, Kinderfreundlich, Garage",Nach Vereinbarung,Einfamilienhaus,3.5,,180 m²,437 m²,,2000,2016,,
haus,st-gallen,"Zelgweg 4A, ",9030 Abtwil SG,auf Anfrage,"Balkon / Terrasse, Aussicht, Kinderfreundlich, Parkplatz, Garage",Nach Vereinbarung,Doppeleinfamilienhaus,4.5,4,260 m²,583 m²,1038 m³,2000,2018,,
haus,st-gallen,"Sonnmatt 82, ",9122 Mogelsberg, 539280.– ,,Nach Vereinbarung,Einfamilienhaus,2.5,,45 m²,,,1985,,,
haus,st-gallen,"Fabrikstrasse 5, ",9478 Azmoos, 1129920.– ,"Haustiere erlaubt, Balkon / Terrasse, Kabel-TV, Kinderfreundlich, Parkplatz, Altbau",Sofort,Einfamilienhaus,5.5,4,280 m²,441 m²,1263 m³,1920,2019,,
haus,st-gallen,"Oberdorfstrasse 30, ",9606 Bütschwil, 577800.– ,,Sofort,Reihenfamilienhaus,2,,43 m²,346 m²,326 m³,,,,
haus,st-gallen,"Im Gisli 32, ",9450 Altstätten SG, 1020780.– ,"Haustiere erlaubt, Balkon / Terrasse, Mit Gartenhaus, Kinderfreundlich, Parkplatz, Garage",Nach Vereinbarung,Doppeleinfamilienhaus,3.5,4,170 m²,387 m²,815 m³,1989,,,
haus,st-gallen,"Rietwiesstrasse 41, ",8737 Gommiswald, 2889000.– ,"Balkon / Terrasse, Mit Gartenhaus, Cheminée, Rollstuhlgängig, Kinderfreundlich, Parkplatz, Garage, Lift",Nach Vereinbarung,Einfamilienhaus,5,4,410 m²,1000 m²,1946 m³,1978,1995,2,
haus,st-gallen,"Ottenhofenstrasse 51, ",8738 Uetliburg SG, 2169960.– ,"Balkon / Terrasse, Kinderfreundlich, Parkplatz",Sofort,Einfamilienhaus,,3,290 m²,591 m²,984 m³,2016,,2,
haus,st-gallen,"Ottenhofenstrasse 51, ",8738 Uetliburg SG, 2169960.– ,"Balkon / Terrasse, Kinderfreundlich, Parkplatz",Sofort,Mehrfamilienhaus,,3,290 m²,591 m²,984 m³,2016,,2,
haus,st-gallen,"Konstanzerstrasse 51, ",9500 Wil, 1142760.– ,"Balkon / Terrasse, Kabel-TV, Kinderfreundlich, Garage",Nach Vereinbarung,Einfamilienhaus,3.5,3,130 m²,374 m²,644 m³,1963,,,
haus,st-gallen,"Kugelgasse 22, ",9450 Altstätten SG, 2542320.– ,"Kabel-TV, Ruhige Lage, Kinderfreundlich, Altbau",Nach Vereinbarung,Mehrfamilienhaus,,5,650 m²,279 m²,,1920,2020,,
haus,st-gallen,"Mühlestrasse 28, ",9240 Uzwil, 2022300.– ,"Parkplatz, Garage",Nach Vereinbarung,Einfamilienhaus,4.5,2,,701 m²,1181 m³,2011,,,
haus,st-gallen,"Lugwiesstrasse 4A, ",9443 Widnau, 1348200.– ,"Kabel-TV, Cheminée, Kinderfreundlich, Parkplatz",Nach Vereinbarung,Einfamilienhaus,3.5,4,160 m²,461 m²,716 m³,1985,,,
haus,st-gallen,"Unterbach 6, ",9469 Haag (Rheintal),auf Anfrage,"Haustiere erlaubt, Balkon / Terrasse, Waschmaschine, Aussicht, Parkplatz, Garage, Altbau, Stromanschluss, Wasseranschluss",Sofort,Mehrfamilienhaus,,4,,2571 m²,,,,,
haus,st-gallen,"Steinrietbünt 10, ",9475 Sevelen, 4108800.– ,"Haustiere erlaubt, Balkon / Terrasse, Cheminée, Ruhige Lage, Kinderfreundlich, Parkplatz, Garage",Nach Vereinbarung,Villa,5.5,3,470 m²,1949 m²,3691 m³,1981,2023,,
haus,st-gallen,"Bruechlistrasse 9, ",9425 Thal, 2298360.– ,"Balkon / Terrasse, Cheminée, Kinderfreundlich, Parkplatz, Garage",Nach Vereinbarung,Einfamilienhaus,,,270 m²,725 m²,1415 m³,1997,2020,,
haus,st-gallen,"Brauereistrasse 1b, ",8730 Uznach, 8538600.– ,"Stromanschluss, Wasseranschluss, Abwasseranschluss, Gasanschluss",Nach Vereinbarung,Mehrfamilienhaus,,,,,,,,,
haus,st-gallen,"Neudorfstrasse 11, ",9434 Au SG, 988680.– ,"Kinderfreundlich, Parkplatz, Garage",Nach Vereinbarung,Einfamilienhaus,4.5,,200 m²,479 m²,932 m³,1920,1995,,2.25
haus,st-gallen,,9430 St. Margrethen SG,auf Anfrage,"Aussicht, Lift, Swimmingpool",Sofort,Einfamilienhaus,4.5,,250 m²,3210 m²,1300 m³,1942,,,
haus,st-gallen,"Sonnmattweg 1, ",9470 Werdenberg, 1206960.– ,Parkplatz,Nach Vereinbarung,Einfamilienhaus,2.5,,160 m²,466 m²,,1985,,,2.35
haus,st-gallen,,9248 Bichwil,auf Anfrage,"Cheminée, Aussicht, Minergie zertifiziert",Sofort,Villa,4.5,,340 m²,570 m²,,2008,,,
haus,st-gallen,"Obergasse 16, ",9437 Marbach SG, 892380.– ,"Haustiere erlaubt, Balkon / Terrasse, Mit Gartenhaus, Kabel-TV, Kinderfreundlich, Parkplatz, Garage, Gasanschluss",Sofort,Einfamilienhaus,3.5,,190 m²,356 m²,697 m³,1920,2022,1,
haus,st-gallen,"Hans Saxerstrasse 11, ",9453 Eichberg, 1656360.– ,"Balkon / Terrasse, Kinderfreundlich, Parkplatz, Lift",Nach Vereinbarung,Einfamilienhaus,,,330 m²,1103 m²,1662 m³,1980,,,
haus,st-gallen,"Töbeli 905, ",9475 Sevelen, 1271160.– ,"Balkon / Terrasse, Cheminée, Aussicht, Kinderfreundlich, Parkplatz",Nach Vereinbarung,Einfamilienhaus,3,,180 m²,5704 m²,774 m³,,2018,,
haus,st-gallen,"Alberweg 12, ",9470 Buchs SG, 1078560.– ,Kinderfreundlich,Nach Vereinbarung,Einfamilienhaus,4.5,3,,654 m²,,1957,,1,
haus,st-gallen,"Hinterhof 19, ",9033 Untereggen, 1412400.– ,"Haustiere erlaubt, Kabel-TV, Kinderfreundlich, Parkplatz, Garage, Bauland erschlossen",Nach Vereinbarung,Doppeleinfamilienhaus,3.5,3,170 m²,282 m²,,,,1,
haus,st-gallen,"Hinterhof 19, ",9033 Untereggen, 1412400.– ,"Haustiere erlaubt, Kabel-TV, Kinderfreundlich, Parkplatz, Garage, Bauland erschlossen",Nach Vereinbarung,Doppeleinfamilienhaus,3.5,3,170 m²,282 m²,,2023,,1,
haus,st-gallen,"Sankt Josefstrasse 10A, ",8730 Uznach, 1656360.– ,"Mit Gartenhaus, Kinderfreundlich, Parkplatz, Garage",Sofort,Einfamilienhaus,4.5,3,200 m²,422 m²,709 m³,1995,,1,
haus,st-gallen,"Hinderdorf 14, ",9468 Sax, 1605000.– ,"Balkon / Terrasse, Kinderfreundlich, Parkplatz, Garage",Nach Vereinbarung,Einfamilienhaus,3,,200 m²,1708 m²,610 m³,1850,2004,,
haus,st-gallen,"Untere Böschachstrasse 14, ",9444 Diepoldsau, 2568000.– ,"Balkon / Terrasse, Cheminée, Kinderfreundlich, Parkplatz",Nach Vereinbarung,Einfamilienhaus,3.5,,210 m²,918 m²,1550 m³,1960,,,
haus,st-gallen,,9200 Gossau SG,auf Anfrage,"Aussicht, Kinderfreundlich, Garage, Swimmingpool",Nach Vereinbarung,Villa,6.5,,620 m²,11731 m²,,1894,2005,,
haus,st-gallen,"Dunantstrasse 12, ",9016 St. Gallen, 1797600.– ,"Cheminée, Aussicht, Kinderfreundlich, Garage",Nach Vereinbarung,Einfamilienhaus,3.5,,,802 m²,,1979,,,
haus,st-gallen,"Mattenhof 11, ",9305 Berg SG, 1656360.– ,"Balkon / Terrasse, Kinderfreundlich, Parkplatz",Nach Vereinbarung,Einfamilienhaus,3.5,,210 m²,881 m²,874 m³,,,,
haus,st-gallen,"Neuhusstrasse 1, ",9300 Wittenbach,auf Anfrage,"Balkon / Terrasse, Keller, Estrich, Reduit, Geschirrspüler, Kabel-TV, Cheminée, Kinderfreundlich, Spielplatz, Parkplatz, Garage, Lift",Nach Vereinbarung,Einfamilienhaus,4.5,4,350 m²,531 m²,1443 m³,,,,
haus,st-gallen,"Sonnenbergstrasse 217, ",9435 Heerbrugg, 1399560.– ,"Parkplatz, Garage",Nach Vereinbarung,Einfamilienhaus,3.5,,150 m²,565 m²,708 m³,1983,,,
haus,st-gallen,"Langgasse 2, ",7315 Vättis, 1271160.– ,,Nach Vereinbarung,Einfamilienhaus,3.5,2,250 m²,416 m²,,,,,
haus,st-gallen,,9404 Rorschacherberg, 2887710.– ,"Balkon / Terrasse, Aussicht, Kinderfreundlich, Parkplatz, Garage, Lift, Neubau, Minergie Bauweise",Sofort,Einfamilienhaus,3.5,,350 m²,1250 m²,1320 m³,2014,,,
haus,st-gallen,"Dorf 19, ",9614 Libingen,auf Anfrage,,Nach Vereinbarung,Einfamilienhaus,6,,510 m²,804 m²,1954 m³,1850,,,
haus,st-gallen,"Wasserfluhstrasse 11, ",9620 Lichtensteig, 719040.– ,,Nach Vereinbarung,Einfamilienhaus,2.5,,52 m²,443 m²,,1948,,,
haus,st-gallen,"Buechenstrasse 8, ",9422 Staad SG, 860280.– ,"Kinderfreundlich, Parkplatz, Garage",Nach Vereinbarung,Reihenfamilienhaus,4.5,,250 m²,137 m²,753 m³,1920,,,
haus,st-gallen,"Aeschstrasse 4, ",9122 Mogelsberg, 2375400.– ,"Cheminée, Garage",Nach Vereinbarung,Einfamilienhaus,3.5,3,250 m²,928 m²,,2012,,,
haus,st-gallen,"Bitziweidstrasse 30, ",8739 Rieden SG, 963000.– ,,Nach Vereinbarung,Einfamilienhaus,2.5,,46 m²,583 m²,,1976,,,
haus,st-gallen,"Auenstrasse 31, ",9443 Widnau, 1014360.– ,Kinderfreundlich,Nach Vereinbarung,Einfamilienhaus,3.5,,180 m²,462 m²,836 m³,1973,,,
haus,st-gallen,"Gerendingerstrasse 32, ",8735 St. Gallenkappel, 885960.– ,"Balkon / Terrasse, Cheminée, Kinderfreundlich, Parkplatz, Garage",Nach Vereinbarung,Mehrfamilienhaus,,,,331 m²,,1919,,,
haus,st-gallen,"Solenberg 79, ",8723 Schänis, 1001520.– ,"Balkon / Terrasse, Kinderfreundlich, Parkplatz, Garage, Eckhaus",Nach Vereinbarung,Einfamilienhaus,2.5,3,160 m²,500 m²,,1992,2010,,
haus,st-gallen,"Kamorstrasse 12, ",9464 Rüthi (Rheintal), 1219800.– ,,Nach Vereinbarung,Einfamilienhaus,,,180 m²,854 m²,2463 m³,1920,1984,,
haus,st-gallen,"Sandbüelstrasse 11, ",9122 Mogelsberg,auf Anfrage,,Nach Vereinbarung,Einfamilienhaus,4.5,,260 m²,663 m²,,1810,,,
haus,st-gallen,"Unterdorfstrasse 32A, ",9444 Diepoldsau, 1084980.– ,"Balkon / Terrasse, Kabel-TV, Cheminée, Kinderfreundlich, Parkplatz",Nach Vereinbarung,Einfamilienhaus,3.5,4,150 m²,194 m²,694 m³,1996,,,
haus,st-gallen,"Neuheimstrasse 10, ",9240 Uzwil, 679230.– ,"Haustiere erlaubt, Balkon / Terrasse, Keller, Estrich, Kinderfreundlich, Eckhaus",Sofort,Einfamilienhaus,3,2,,208 m²,,1920,,,
haus,st-gallen,"Chriesilöserstrasse 27a, ",7310 Bad Ragaz, 2555160.– ,"Balkon / Terrasse, Kinderfreundlich, Garage",01.11.2024,Einfamilienhaus,3.5,,240 m²,458 m²,1391 m³,1992,,,
haus,st-gallen,"Hauptstrasse 83, ",9436 Balgach, 937320.– ,"Kabel-TV, Kinderfreundlich, Parkplatz, Garage, Gasanschluss",Nach Vereinbarung,Einfamilienhaus,4.5,3,310 m²,500 m²,1445 m³,1919,,,
haus,st-gallen,"Bergstrasse 58, ",9475 Sevelen, 1348200.– ,"Kinderfreundlich, Parkplatz, Garage",Nach Vereinbarung,Einfamilienhaus,3.5,,160 m²,916 m²,,,,,
haus,st-gallen,"Wisenbüntelistrasse 7, ",9442 Berneck, 2157120.– ,"Balkon / Terrasse, Kabel-TV, Kinderfreundlich, Parkplatz, Garage, Bauland erschlossen",Nach Vereinbarung,Einfamilienhaus,,,280 m²,1420 m²,1467 m³,1981,,,
haus,st-gallen,"Rütihaldestrasse 11, ",8730 Uznach, 3967560.– ,"Balkon / Terrasse, Kabel-TV, Rollstuhlgängig, Kinderfreundlich, Parkplatz, Garage, Lift, Neubau",31.12.2024,Mehrfamilienhaus,,3,380 m²,,,2024,,2,
haus,st-gallen,"Hauptstrasse 102, ",9658 Wildhaus, 834600.– ,"Balkon / Terrasse, Aussicht, Parkplatz, Garage",Nach Vereinbarung,Einfamilienhaus,,4,,300 m²,895 m³,1941,,2,
haus,st-gallen,"Nordstrasse 6, ",9463 Oberriet SG, 706200.– ,"Kinderfreundlich, Garage",Nach Vereinbarung,Doppeleinfamilienhaus,2.5,,140 m²,219 m²,680 m³,1978,,,
haus,st-gallen,"Dorfstrasse 30, ",9472 Grabs, 731880.– ,"Kinderfreundlich, Parkplatz",Nach Vereinbarung,Einfamilienhaus,3.5,,130 m²,630 m²,832 m³,1920,,,
haus,st-gallen,"Altendorferstrasse 24 /24a, ",9470 Buchs SG, 1271160.– ,,Nach Vereinbarung,Einfamilienhaus,3.5,5,,406 m²,,1919,2015,,
haus,st-gallen,"Sonnmattstrasse 13, ",9230 Flawil, 2247000.– ,"Cheminée, Kinderfreundlich, Parkplatz",Nach Vereinbarung,Einfamilienhaus,3.5,3,270 m²,601 m²,1100 m³,2006,,1,
haus,st-gallen,"Säntisstrasse 1, ",9030 Abtwil,auf Anfrage,"Balkon / Terrasse, Aussicht, Kinderfreundlich",Nach Vereinbarung,Einfamilienhaus,4.5,3,360 m²,1161 m²,1412 m³,1971,,,
haus,st-gallen,"Bühlstrasse 2, ",9436 Balgach, 975840.– ,"Kinderfreundlich, Parkplatz",Nach Vereinbarung,Einfamilienhaus,3.5,,200 m²,337 m²,849 m³,,,,
haus,st-gallen,"Alte Landstrasse 53, ",9445 Rebstein, 885960.– ,"Parkplatz, Eckhaus",Nach Vereinbarung,Reihenfamilienhaus,3.5,,130 m²,301 m²,,1919,2012,,
haus,st-gallen,"Stockenstrasse 14a, ",9642 Ebnat-Kappel, 1399560.– ,Neubau,Nach Vereinbarung,Einfamilienhaus,3.5,,220 m²,303 m²,,,,,
haus,st-gallen,"Friedbergweg 3, ",9500 Wil SG, 1784760.– ,"Balkon / Terrasse, Cheminée, Kinderfreundlich, Parkplatz, Garage",Sofort,Einfamilienhaus,3.5,,230 m²,694 m²,1045 m³,1958,1993,,
haus,st-gallen,"Stockenstrasse 4, ",9464 Lienz, 1117080.– ,"Balkon / Terrasse, Mit Gartenhaus, Kabel-TV, Cheminée, Kinderfreundlich, Parkplatz, Gasanschluss",Sofort,Einfamilienhaus,3.5,3,140 m²,852 m²,821 m³,1975,,1,
haus,st-gallen,"Rütihaldestrasse 11, ",8730 Uznach, 1816860.– ,"Balkon / Terrasse, Kabel-TV, Rollstuhlgängig, Kinderfreundlich, Parkplatz, Garage, Lift, Neubau",31.12.2024,Einfamilienhaus,3.5,2,200 m²,,,2024,,2,
haus,st-gallen,"Bildstrasse 11, ",9436 Balgach, 1181280.– ,"Cheminée, Kinderfreundlich, Parkplatz",Nach Vereinbarung,Einfamilienhaus,3.5,,150 m²,455 m²,731 m³,1939,2010,,
haus,st-gallen,"Eichenweg 1b, ",9463 Oberriet SG, 449400.– ,"Kinderfreundlich, Parkplatz",Nach Vereinbarung,Doppeleinfamilienhaus,3.5,3,,255 m²,,,,,
haus,st-gallen,"Eichenweg 1a, ",9463 Oberriet SG, 385200.– ,"Kinderfreundlich, Parkplatz",Nach Vereinbarung,Doppeleinfamilienhaus,2.5,3,,,,,,,
haus,st-gallen,"Nelkenweg 5, ",9444 Diepoldsau, 1142760.– ,"Balkon / Terrasse, Kabel-TV, Kinderfreundlich, Parkplatz, Garage, Bauland erschlossen",Nach Vereinbarung,Einfamilienhaus,2.5,,120 m²,612 m²,590 m³,1968,,,
haus,st-gallen,"Auf Anfrage, ",9630 Wattwil, 1759080.– ,,Nach Vereinbarung,Einfamilienhaus,3.5,,250 m²,1372 m²,,,,,
haus,st-gallen,"Espenstrasse, ",9630 Wattwil, 1348200.– ,"Kinderfreundlich, Parkplatz, Lift",Nach Vereinbarung,Doppeleinfamilienhaus,3.5,4,200 m²,,,2024,,,
haus,st-gallen,"Sulzbergstrasse 24, ",9404 Rorschacherberg, 2169960.– ,"Balkon / Terrasse, Kabel-TV, Cheminée, Aussicht, Ruhige Lage, Kinderfreundlich, Parkplatz, Garage",Nach Vereinbarung,Einfamilienhaus,4.5,3,410 m²,,,,2014,,
haus,st-gallen,,7320 Sargans, 1072140.– ,"Haustiere erlaubt, Balkon / Terrasse, Geschirrspüler, Kabel-TV, Aussicht, Kinderfreundlich, Altbau",Sofort,Einfamilienhaus,3.5,3,210 m²,335 m²,538 m³,1888,,,
haus,st-gallen,"Blumenweg 3, ",7320 Sargans, 674100.– ,"Balkon / Terrasse, Garage",Nach Vereinbarung,Einfamilienhaus,,5,,313 m²,,1955,,,
haus,st-gallen,"Rosenstrasse 8, ",9247 Henau, 1540800.– ,"Cheminée, Aussicht, Kinderfreundlich, Parkplatz, Garage",01.08.2024,Einfamilienhaus,3,3,180 m²,742 m²,,1978,2023,,
haus,st-gallen,,9630 Wattwil,auf Anfrage,"Aussicht, Kinderfreundlich, Parkplatz, Garage",Nach Vereinbarung,Doppeleinfamilienhaus,3.5,2,250 m²,1285 m²,,1975,2015,,
haus,st-gallen,"Wiesenstrasse 18, ",9470 Buchs SG, 1187700.– ,"Kinderfreundlich, Parkplatz, Garage",Nach Vereinbarung,Einfamilienhaus,3.5,,140 m²,586 m²,794 m³,,,,
haus,st-gallen,,9656 Alt Sankt Johann, 482780.– ,,Nach Vereinbarung,Einfamilienhaus,2.5,,46 m²,300 m²,,1920,,,
haus,st-gallen,"Laupen 667, ",9524 Zuzwil SG, 1861800.– ,"Haustiere erlaubt, Parkplatz, Garage",Nach Vereinbarung,Einfamilienhaus,5.5,,350 m²,898 m²,,1920,2010,,
haus,st-gallen,"Rietlistrasse 18, ",9470 Buchs SG, 2234160.– ,"Haustiere erlaubt, Kabel-TV, Cheminée, Kinderfreundlich, Parkplatz",Nach Vereinbarung,Einfamilienhaus,,,290 m²,1038 m²,1442 m³,1976,,,
haus,st-gallen,"Apfelbergstrasse 29, ",9430 St. Margrethen SG, 2176380.– ,"Haustiere erlaubt, Balkon / Terrasse, Kabel-TV, Kinderfreundlich, Parkplatz, Garage, Swimmingpool",Nach Vereinbarung,Einfamilienhaus,3.5,,370 m²,924 m²,1335 m³,1968,2015,,
haus,st-gallen,"Schluchstrasse 11, ",9445 Rebstein, 2298360.– ,"Haustiere erlaubt, Balkon / Terrasse, Kabel-TV, Kinderfreundlich, Parkplatz, Garage",01.07.2024,Einfamilienhaus,4.5,3,250 m²,1267 m²,1350 m³,2004,2017,,
haus,st-gallen,"Hinterdorfstrasse 11, ",9533 Kirchberg SG, 1245480.– ,"Haustiere erlaubt, Balkon / Terrasse, Kabel-TV, Kinderfreundlich, Parkplatz, Garage, Eckhaus, Gasanschluss",Sofort,Einfamilienhaus,3.5,,,472 m²,815 m³,1995,,1,
haus,st-gallen,"Brühlbleichstrasse 12, ",9000 St. Gallen,auf Anfrage,"Aussicht, Kinderfreundlich, Parkplatz",Nach Vereinbarung,Mehrfamilienhaus,,5,,155 m²,1556 m³,,,9,
haus,st-gallen,"Eichenweg, ",9463 Oberriet SG, 1566480.– ,"Kinderfreundlich, Parkplatz, Neubau",Nach Vereinbarung,Einfamilienhaus,3.5,,190 m²,355 m²,,,,,
haus,st-gallen,"Eichenweg, ",9463 Oberriet SG, 1605000.– ,"Balkon / Terrasse, Kinderfreundlich, Parkplatz, Neubau",Nach Vereinbarung,Einfamilienhaus,3.5,,180 m²,395 m²,,,,,
haus,st-gallen,,9523 Züberwangen, 1527960.– ,"Haustiere erlaubt, Balkon / Terrasse, Cheminée",Nach Vereinbarung,Einfamilienhaus,3.5,,220 m²,617 m²,,1976,2020,,
haus,st-gallen,"Parkstrasse 6, ",9450 Altstätten SG,auf Anfrage,"Parkplatz, Garage, Bauland erschlossen",Nach Vereinbarung,Villa,4,,300 m²,1605 m²,1890 m³,1983,,,
haus,st-gallen,"Nordstrasse 27, ",9450 Altstätten SG, 943740.– ,"Haustiere erlaubt, Kinderfreundlich, Parkplatz, Garage",Nach Vereinbarung,Einfamilienhaus,3.5,,120 m²,373 m²,530 m³,1967,2014,,
haus,st-gallen,"Seebleichestrasse 54, ",9404 Rorschacherberg,auf Anfrage,"Balkon / Terrasse, Kinderfreundlich, Parkplatz, Garage, Swimmingpool",Nach Vereinbarung,Villa,4.5,,290 m²,2008 m²,1808 m³,,,,
haus,st-gallen,"Mattstrasse 2, ",9500 Wil (SG), 2940360.– ,"Balkon / Terrasse, Parkplatz, Garage",Nach Vereinbarung,Villa,4,3,250 m²,415 m²,1308 m³,1893,,,
haus,st-gallen,"Grundstrasse 4, ",9464 Rüthi (Rheintal), 2503800.– ,"Balkon / Terrasse, Parkplatz, Garage",Nach Vereinbarung,Einfamilienhaus,,,240 m²,2484 m²,1426 m³,1974,,,
haus,st-gallen,"Rickenstrasse, ",9014 St. Gallen, 13636080.– ,,Sofort,Mehrfamilienhaus,,4,1780 m²,661 m²,,1920,2017,,
haus,st-gallen,"Dorfstrasse 5, ",9204 Andwil SG, 449400.– ,,Nach Vereinbarung,Doppeleinfamilienhaus,3,,46 m²,263 m²,488 m³,1919,,,
haus,st-gallen,"Gartenstrasse 4, ",9444 Diepoldsau, 1020780.– ,"Mit Gartenhaus, Kinderfreundlich, Parkplatz, Garage",Nach Vereinbarung,Einfamilienhaus,2.5,,55 m²,513 m²,710 m³,1948,,,
haus,st-gallen,"Walchen 2407, ",9472 Grabserberg, 757560.– ,"Stromanschluss, Wasseranschluss, Abwasseranschluss",Nach Vereinbarung,Einfamilienhaus,2.5,2,160 m²,1005 m²,,,,,
haus,st-gallen,"Churerstrasse 150, ",9470 Buchs SG, 564960.– ,,Nach Vereinbarung,Einfamilienhaus,3.5,,130 m²,235 m²,,,,,
haus,st-gallen,"Arneggerstrasse 28, ",9205 Waldkirch, 2169960.– ,,Nach Vereinbarung,Einfamilienhaus,,,330 m²,1092 m²,2020 m³,1920,2015,3,
haus,st-gallen,,9403 Goldach, 4481160.– ,"Balkon / Terrasse, Cheminée, Parkplatz, Garage, Altbau",Nach Vereinbarung,Einfamilienhaus,4,4,,,,1881,,,
haus,st-gallen,,9403 Goldach, 4481160.– ,"Balkon / Terrasse, Cheminée, Parkplatz, Garage, Altbau",Nach Vereinbarung,Einfamilienhaus,4,4,,,,1881,,,
haus,st-gallen,"Rorschacher Strasse 167, ",9000 St. Gallen, 1643520.– ,"Balkon / Terrasse, Kabel-TV, Kinderfreundlich, Gasanschluss",Sofort,Doppeleinfamilienhaus,,,360 m²,365 m²,1280 m³,,,,
haus,st-gallen,"Gmündstrasse, ",9442 Berneck, 1386720.– ,"Haustiere erlaubt, Balkon / Terrasse, Keller, Reduit, Geschirrspüler, Steamer, Kabel-TV, Kinderfreundlich, Spielplatz, Garage, Eckhaus",01.08.2025,Reihenfamilienhaus,3.5,3,190 m²,,,2024,,,
haus,st-gallen,"Grobenentschwil 1302, ",9230 Flawil, 1014360.– ,"Haustiere erlaubt, Kabel-TV, Kinderfreundlich, Parkplatz, Garage, Bauland erschlossen, Gasanschluss",Sofort,Einfamilienhaus,4.5,4,170 m²,955 m²,,1824,2017,1,
haus,st-gallen,,9631 Wattwil, 1527960.– ,,Nach Vereinbarung,Einfamilienhaus,4.5,,160 m²,643 m²,,2019,2023,,
haus,st-gallen,"Siedlungsstrasse 11, ",9443 Widnau, 1091400.– ,"Kinderfreundlich, Parkplatz, Garage, Bauland erschlossen",Nach Vereinbarung,Einfamilienhaus,3.5,,54 m²,658 m²,526 m³,1945,,,
haus,st-gallen,,9442 Berneck, 1142760.– ,Cheminée,01.08.2026,Reihenfamilienhaus,3.5,,170 m²,300 m²,,1996,,,
haus,st-gallen,"Büchelstrasse 7D, ",9434 Au SG, 1643520.– ,"Balkon / Terrasse, Kabel-TV, Cheminée, Kinderfreundlich, Garage, Gasanschluss",Nach Vereinbarung,Doppeleinfamilienhaus,3.5,3,170 m²,507 m²,833 m³,2000,,,2.3
haus,st-gallen,"Sonnenweg 4, ",7310 Bad Ragaz, 4044600.– ,"Haustiere erlaubt, Balkon / Terrasse, Kabel-TV, Cheminée, Kinderfreundlich, Parkplatz",Nach Vereinbarung,Villa,3.5,,370 m²,825 m²,1942 m³,1976,2014,,
haus,st-gallen,"Zürcherstrasse 15, ",7320 Sargans, 1271160.– ,"Kinderfreundlich, Parkplatz",Nach Vereinbarung,Einfamilienhaus,3.5,,190 m²,403 m²,997 m³,1909,,,
haus,st-gallen,,9533 Kirchberg SG, 2311200.– ,"Haustiere erlaubt, Balkon / Terrasse, Kinderfreundlich, Parkplatz, Garage",Nach Vereinbarung,Einfamilienhaus,3.5,4,270 m²,10838 m²,,,,,
haus,st-gallen,"Fürstenlandstrasse 55, ",9500 Wil SG, 1605000.– ,"Haustiere erlaubt, Balkon / Terrasse, Kabel-TV, Kinderfreundlich, Parkplatz, Garage, Lift",Sofort,Einfamilienhaus,3.5,3,250 m²,352 m²,830 m³,1992,,,
haus,st-gallen,"Böschenbachstrasse 8, ",9122 Mogelsberg, 924480.– ,,Nach Vereinbarung,Mehrfamilienhaus,4,,280 m²,387 m²,1098 m³,,,3,
haus,st-gallen,"St. Gallerstrasse 2, ",9403 Goldach,auf Anfrage,,Nach Vereinbarung,Mehrfamilienhaus,,3,1440 m²,1037 m²,6462 m³,1920,,,
haus,st-gallen,"Ahorenstrasse 4, ",8898 Flums, 1784760.– ,"Haustiere erlaubt, Balkon / Terrasse, Waschmaschine, Kabel-TV, Cheminée, Aussicht, Rauchen erlaubt, Ruhige Lage, Kinderfreundlich, Parkplatz, Garage, Stromanschluss, Wasseranschluss",Sofort,Einfamilienhaus,3.5,3,200 m²,494 m²,922 m³,2014,,,255
haus,st-gallen,,9450 Altstätten SG, 1271160.– ,"Kinderfreundlich, Parkplatz",Nach Vereinbarung,Mehrfamilienhaus,,4,,318 m²,954 m³,1920,2019,,
haus,st-gallen,"Rebhaldenstrasse 5, ",9445 Rebstein,auf Anfrage,"Kinderfreundlich, Parkplatz",Nach Vereinbarung,Doppeleinfamilienhaus,2.5,,130 m²,355 m²,523 m³,1948,2018,,
haus,st-gallen,"Seebelistrasse 3a, ",9422 Staad SG, 6163200.– ,"Haustiere erlaubt, Mit Gartenhaus, Cheminée, Kinderfreundlich, Parkplatz, Swimmingpool",Nach Vereinbarung,Einfamilienhaus,,,440 m²,26456 m²,,,2000,,
haus,st-gallen,,9230 Flawil, 1187700.– ,"Balkon / Terrasse, Parkplatz",Nach Vereinbarung,Einfamilienhaus,3.5,3,170 m²,323 m²,,1949,,,
haus,st-gallen,"Tscherlerweg 11A, ",8880 Walenstadt, 2214900.– ,"Balkon / Terrasse, Kabel-TV, Cheminée, Kinderfreundlich, Parkplatz, Garage, Swimmingpool",Nach Vereinbarung,Einfamilienhaus,3.5,,260 m²,870 m²,1097 m³,1986,,,2.4
haus,st-gallen,"Gmündstrasse, ",9435 Heerbrugg, 1386720.– ,"Haustiere erlaubt, Balkon / Terrasse, Keller, Reduit, Geschirrspüler, Steamer, Kabel-TV, Kinderfreundlich, Spielplatz, Garage, Eckhaus",01.12.2025,Reihenfamilienhaus,3.5,3,190 m²,,,2024,,,
haus,st-gallen,,9422 Staad, 1149180.– ,Parkplatz,Nach Vereinbarung,Einfamilienhaus,3.5,,120 m²,614 m²,,1958,,,
haus,st-gallen,,9445 Rebstein, 866700.– ,"Balkon / Terrasse, Cheminée, Parkplatz",Nach Vereinbarung,Reihenfamilienhaus,3.5,,170 m²,185 m²,,1997,2020,,
haus,st-gallen,,9643 Ebnat-Kappel, 1662780.– ,Parkplatz,Sofort,Mehrfamilienhaus,8,,530 m²,614 m²,,1945,,,
haus,st-gallen,,9443 Widnau, 1656360.– ,Balkon / Terrasse,Nach Vereinbarung,Einfamilienhaus,3.5,,250 m²,356 m²,,,2023,,
haus,st-gallen,,9033 Untereggen, 1996620.– ,,Nach Vereinbarung,Einfamilienhaus,3.5,,250 m²,768 m²,,2007,,,
haus,st-gallen,"Oberdorfstrasse 43, ",9524 Zuzwil SG, 2298360.– ,"Haustiere erlaubt, Neubau",Nach Vereinbarung,Bauernhaus,3.5,3,290 m²,1546 m²,1025 m³,2023,,,
haus,st-gallen,,9463 Oberriet, 1784760.– ,"Balkon / Terrasse, Kinderfreundlich, Parkplatz, Garage, Swimmingpool",Nach Vereinbarung,Einfamilienhaus,4,,270 m²,411 m²,,2006,2023,,
haus,st-gallen,"Sonnenbergstrasse 1, ",8725 Gebertingen, 1669200.– ,"Kabel-TV, Cheminée, Kinderfreundlich, Parkplatz, Garage",Nach Vereinbarung,Einfamilienhaus,3,,220 m²,670 m²,1232 m³,1983,2014,,
haus,st-gallen,"Burietstrasse 4, ",9425 Thal,auf Anfrage,"Balkon / Terrasse, Rollstuhlgängig, Kinderfreundlich, Parkplatz, Garage, Lift, Bauland erschlossen",Nach Vereinbarung,Mehrfamilienhaus,,4,,883 m²,3008 m³,2023,,4,
haus,st-gallen,"Auf Anfrage, ",9642 Ebnat-Kappel, 2362560.– ,,Nach Vereinbarung,Mehrfamilienhaus,,,400 m²,,,2013,,,
haus,st-gallen,"Kastenberg 17a, ",9312 Häggenschwil, 1926000.– ,"Haustiere erlaubt, Mit Gartenhaus, Kinderfreundlich, Parkplatz, Garage",Nach Vereinbarung,Einfamilienhaus,3.5,,250 m²,421 m²,900 m³,2012,,,
haus,st-gallen,"Eichbergstrasse 24, ",9463 Oberriet SG, 892380.– ,"Haustiere erlaubt, Balkon / Terrasse, Kabel-TV, Kinderfreundlich, Parkplatz, Garage, Eckhaus",Nach Vereinbarung,Einfamilienhaus,2.5,,130 m²,362 m²,547 m³,1963,,,
haus,st-gallen,"Weidstrasse 7, ",9230 Flawil, 821760.– ,"Kinderfreundlich, Garage",Nach Vereinbarung,Einfamilienhaus,2.5,,54 m²,384 m²,500 m³,1956,,,
haus,st-gallen,"Eggwies 3, ",9248 Bichwil, 1656360.– ,"Haustiere erlaubt, Cheminée, Kinderfreundlich, Parkplatz, Garage",Nach Vereinbarung,Doppeleinfamilienhaus,4.5,4,310 m²,,1040 m³,1994,,,
haus,st-gallen,"Buechenstrasse 10A, ",9422 Staad SG, 1194120.– ,,Nach Vereinbarung,Einfamilienhaus,,,160 m²,313 m²,558 m³,2018,,,
haus,st-gallen,"Auenstrasse 45, ",9451 Kriessern, 32100.– ,Balkon / Terrasse,Nach Vereinbarung,Einfamilienhaus,2.5,,17 m²,,,2014,,,
haus,st-gallen,,9443 Widnau, 924480.– ,Altbau,Nach Vereinbarung,Einfamilienhaus,3,2,120 m²,328 m²,,1961,,,
haus,st-gallen,"Sonnentalstrasse 16, ",9036 Grub SG, 706200.– ,Parkplatz,Nach Vereinbarung,Einfamilienhaus,3.5,4,160 m²,269 m²,568 m³,1856,,,
haus,st-gallen,"Halden, ",9422 Staad SG, 3210000.– ,"Haustiere erlaubt, Cheminée, Kinderfreundlich, Parkplatz, Garage, Bauland erschlossen",Nach Vereinbarung,Einfamilienhaus,3.5,2,320 m²,1200 m²,,2024,,1,2.6
haus,st-gallen,"Ernetschwilerstrasse 22, ",8730 Uznach, 1656360.– ,"Haustiere erlaubt, Balkon / Terrasse, Aussicht, Parkplatz, Garage",Nach Vereinbarung,Einfamilienhaus,4,,210 m²,486 m²,846 m³,1932,1999,,
haus,st-gallen,"Grossfeldstrasse 8, ",7310 Bad Ragaz,auf Anfrage,,Nach Vereinbarung,Mehrfamilienhaus,,,,1181 m²,3488 m³,2003,,,
haus,st-gallen,"Sonnenhofstrasse 29, ",9030 Abtwil SG, 2362560.– ,"Balkon / Terrasse, Cheminée, Kinderfreundlich, Parkplatz, Garage, Bauland erschlossen, Neubau, Minergie Bauweise, Eckhaus",Nach Vereinbarung,Doppeleinfamilienhaus,3.5,4,,,,2024,,,
haus,st-gallen,"Sonnenhofstrasse 27a, ",9030 Abtwil SG, 2298360.– ,"Balkon / Terrasse, Cheminée, Kinderfreundlich, Parkplatz, Garage, Bauland erschlossen, Neubau, Minergie Bauweise, Eckhaus",Nach Vereinbarung,Doppeleinfamilienhaus,3.5,4,,,,2024,,,
haus,st-gallen,"Sonnenhofstrasse 25, ",9030 Abtwil SG, 1861800.– ,"Balkon / Terrasse, Cheminée, Kinderfreundlich, Parkplatz, Garage, Bauland erschlossen, Neubau, Minergie Bauweise, Eckhaus",Nach Vereinbarung,Doppeleinfamilienhaus,3.5,4,,,,2024,,,
haus,st-gallen,"Löwenstrasse 1, ",8890 Flums, 1757790.– ,"Haustiere erlaubt, Balkon / Terrasse, Keller, Reduit, Geschirrspüler, Steamer, Kabel-TV, Aussicht, Kinderfreundlich, Parkplatz, Garage, Minergie zertifiziert",01.06.2026,Doppeleinfamilienhaus,3.5,4,240 m²,334 m²,1167 m³,2025,,,
haus,st-gallen,"Oberdorfstrasse 8, ",9608 Ganterschwil, 834600.– ,"Haustiere erlaubt, Kinderfreundlich, Parkplatz, Gasanschluss",Nach Vereinbarung,Einfamilienhaus,4.5,3,170 m²,204 m²,605 m³,,,1,
haus,st-gallen,,9244 Niederuzwil, 1919580.– ,"Balkon / Terrasse, Parkplatz, Garage",Nach Vereinbarung,Doppeleinfamilienhaus,3.5,,170 m²,267 m²,889 m³,2018,,,
haus,st-gallen,,9435 Heerbrugg, 1399560.– ,"Cheminée, Parkplatz, Garage",Nach Vereinbarung,Doppeleinfamilienhaus,3,4,170 m²,279 m²,,1993,,,
haus,st-gallen,,9437 Marbach SG, 1540800.– ,"Parkplatz, Garage",Nach Vereinbarung,Mehrfamilienhaus,6,,330 m²,640 m²,,,,,
haus,st-gallen,,9240 Uzwil, 1149180.– ,"Balkon / Terrasse, Garage",Nach Vereinbarung,Reihenfamilienhaus,3.5,,160 m²,208 m²,579 m³,,2023,,
haus,st-gallen,,9450 Altstätten SG, 1219800.– ,"Parkplatz, Garage",Nach Vereinbarung,Einfamilienhaus,4.5,,270 m²,464 m²,970 m³,,,,
haus,st-gallen,,9403 Goldach, 1643520.– ,Parkplatz,Nach Vereinbarung,Einfamilienhaus,4.5,,230 m²,712 m²,,1980,,,
haus,st-gallen,,9466 Sennwald, 885960.– ,Parkplatz,Nach Vereinbarung,Einfamilienhaus,4.5,4,320 m²,499 m²,,,,2,
haus,st-gallen,,9466 Sennwald, 885960.– ,Parkplatz,Nach Vereinbarung,Mehrfamilienhaus,4.5,4,320 m²,499 m²,,,,2,
haus,st-gallen,"Moosstrasse 16, ",9658 Wildhaus, 796080.– ,"Haustiere erlaubt, Balkon / Terrasse, Mit Gartenhaus, Kinderfreundlich, Parkplatz, Garage",Nach Vereinbarung,Chalet,3.5,2,130 m²,862 m²,506 m³,1946,2011,,
haus,st-gallen,,9443 Widnau, 2028720.– ,"Cheminée, Kinderfreundlich, Neubau",05.05.2025,Doppeleinfamilienhaus,3.5,2,220 m²,430 m²,1080 m³,2024,,,
haus,st-gallen,,9000 St. Gallen, 1566480.– ,Parkplatz,Nach Vereinbarung,Einfamilienhaus,4.5,,190 m²,1116 m²,,1969,2023,,
haus,st-gallen,,9500 Wil, 1194120.– ,Parkplatz,Nach Vereinbarung,Mehrfamilienhaus,4,,200 m²,495 m²,,1880,2010,,
haus,st-gallen,,9240 Uzwil, 808920.– ,,Sofort,Einfamilienhaus,2.5,,130 m²,479 m²,,1920,1980,,
haus,st-gallen,,9033 Untereggen,auf Anfrage,"Balkon / Terrasse, Kabel-TV, Cheminée, Aussicht, Ruhige Lage, Parkplatz, Garage, Swimmingpool, Altbau",Nach Vereinbarung,Schloss,12,7,1410 m²,35248 m²,,1300,,,
haus,st-gallen,,9478 Azmoos, 860280.– ,"Balkon / Terrasse, Garage",Nach Vereinbarung,Reihenfamilienhaus,3,4,220 m²,269 m²,,1920,,,
haus,st-gallen,,9246 Niederbüren, 1027200.– ,Parkplatz,Nach Vereinbarung,Doppeleinfamilienhaus,2.5,,200 m²,349 m²,,1919,2019,,
haus,st-gallen,"Sankt Georgen-Strasse 106c, ",9011 St. Gallen, 1630680.– ,"Balkon / Terrasse, Parkplatz, Garage, Lift, Eckhaus",Nach Vereinbarung,Reihenfamilienhaus,3.5,,230 m²,,,2022,,,
haus,st-gallen,"Sankt Georgen-Strasse 108, ",9011 St. Gallen, 1438080.– ,"Balkon / Terrasse, Parkplatz, Garage, Lift, Eckhaus",Nach Vereinbarung,Reihenfamilienhaus,2.5,,180 m²,,,2022,,,
haus,st-gallen,,9200 Gossau SG, 834600.– ,Parkplatz,Nach Vereinbarung,Doppeleinfamilienhaus,3.5,,54 m²,352 m²,,1950,,,
haus,st-gallen,,9527 Niederhelfenschwil, 1271160.– ,"Balkon / Terrasse, Kinderfreundlich, Parkplatz",Nach Vereinbarung,Mehrfamilienhaus,5,2,330 m²,334 m²,,1920,,2,
haus,st-gallen,,9533 Kirchberg SG, 1649940.– ,"Haustiere erlaubt, Kinderfreundlich, Parkplatz, Garage, Minergie Bauweise",Nach Vereinbarung,Einfamilienhaus,3.5,3,190 m²,564 m²,,2023,,,
haus,st-gallen,,8896 Flumserberg Bergheim, 930900.– ,"Haustiere erlaubt, Kinderfreundlich",Sofort,Einfamilienhaus,3,4,250 m²,850 m²,,,,2,
haus,st-gallen,,9300 Wittenbach, 1603710.– ,"Balkon / Terrasse, Parkplatz, Garage",Nach Vereinbarung,Einfamilienhaus,4.5,,250 m²,902 m²,765 m³,,,,
haus,st-gallen,,7313 St. Margrethenberg, 1271160.– ,"Haustiere erlaubt, Kinderfreundlich, Garage",Nach Vereinbarung,Einfamilienhaus,3.5,3,250 m²,564 m²,,,,,2.4
haus,st-gallen,,9032 Engelburg, 1411110.– ,"Balkon / Terrasse, Cheminée",Nach Vereinbarung,Mehrfamilienhaus,,4,290 m²,631 m²,,,,3,
haus,st-gallen,,9430 St. Margrethen SG, 1091400.– ,"Haustiere erlaubt, Kabel-TV, Kinderfreundlich, Parkplatz, Garage",Nach Vereinbarung,Einfamilienhaus,3,2,130 m²,550 m²,,1964,,,
haus,st-gallen,,9016 St. Gallen,auf Anfrage,"Parkplatz, Garage, Altbau",Nach Vereinbarung,Einfamilienhaus,3.5,4,150 m²,,,1967,,,
haus,st-gallen,"Löwenstrasse, ",8890 Flums, 1655070.– ,"Haustiere erlaubt, Balkon / Terrasse, Keller, Reduit, Geschirrspüler, Steamer, Kabel-TV, Aussicht, Kinderfreundlich, Parkplatz, Garage, Minergie zertifiziert",01.06.2026,Doppeleinfamilienhaus,3.5,4,250 m²,283 m²,1083 m³,2025,,,
haus,st-gallen,,9500 Wil SG, 2227740.– ,Parkplatz,Nach Vereinbarung,Mehrfamilienhaus,5,,300 m²,404 m²,1050 m³,,,,
haus,st-gallen,"Flemingstrasse, ",9016 St. Gallen, 1836120.– ,"Haustiere erlaubt, Balkon / Terrasse, Waschmaschine, Aussicht, Ruhige Lage, Kinderfreundlich, Parkplatz, Im Baurecht",Sofort,Einfamilienhaus,3.5,4,260 m²,513 m²,1062 m³,2003,,,
haus,st-gallen,"Hüslenweg 6A, ",9030 Abtwil SG, 2015880.– ,"Haustiere erlaubt, Balkon / Terrasse, Keller, Reduit, Geschirrspüler, Steamer, Waschmaschine, Kabel-TV, Aussicht, Rauchen erlaubt, Rollstuhlgängig, Ruhige Lage, Kinderfreundlich, Spielplatz, Parkplatz, Garage, Lift, Neubau, Eckhaus, Stromanschluss, Wasseranschluss",Nach Vereinbarung,Einfamilienhaus,3.5,4,210 m²,278 m²,1522 m³,2024,,,
haus,st-gallen,"Hüslenweg 6B, ",9030 Abtwil SG, 2157120.– ,"Haustiere erlaubt, Balkon / Terrasse, Keller, Reduit, Geschirrspüler, Steamer, Waschmaschine, Kabel-TV, Aussicht, Rollstuhlgängig, Ruhige Lage, Kinderfreundlich, Spielplatz, Parkplatz, Garage, Lift, Neubau, Eckhaus, Stromanschluss, Wasseranschluss",Nach Vereinbarung,Einfamilienhaus,3.5,4,210 m²,473 m²,1567 m³,2024,,,
haus,st-gallen,"Hüslenweg 4aa, ",9030 Abtwil SG, 1784760.– ,"Haustiere erlaubt, Balkon / Terrasse, Keller, Reduit, Geschirrspüler, Steamer, Waschmaschine, Kabel-TV, Aussicht, Rollstuhlgängig, Ruhige Lage, Kinderfreundlich, Spielplatz, Parkplatz, Garage, Lift, Neubau, Mittelhaus, Stromanschluss, Wasseranschluss",Nach Vereinbarung,Einfamilienhaus,3.5,3,200 m²,231 m²,1311 m³,2024,,,
haus,st-gallen,,9033 Untereggen, 1861800.– ,"Haustiere erlaubt, Kinderfreundlich, Parkplatz, Garage",Sofort,Einfamilienhaus,3,,240 m²,1052 m²,759 m³,1985,,,
haus,st-gallen,"Brauerstrasse 9, ",9000 St. Gallen, 1271160.– ,"Balkon / Terrasse, Mit Gartenhaus, Kinderfreundlich",Nach Vereinbarung,Doppeleinfamilienhaus,4,4,230 m²,151 m²,,1919,2006,1,
haus,st-gallen,"Kreuzbergstrasse 23, ",9472 Grabs, 1924710.– ,"Balkon / Terrasse, Keller, Reduit, Geschirrspüler, Steamer, Kabel-TV, Aussicht, Kinderfreundlich, Garage, Minergie zertifiziert",01.09.2024,Doppeleinfamilienhaus,3.5,3,270 m²,,,2024,,,
haus,st-gallen,"Kreuzbergstrasse 22, ",9472 Grabs, 1924710.– ,"Balkon / Terrasse, Keller, Reduit, Geschirrspüler, Steamer, Kabel-TV, Aussicht, Kinderfreundlich, Garage, Minergie zertifiziert",01.09.2024,Doppeleinfamilienhaus,3.5,3,280 m²,,,2014,,,
haus,st-gallen,"Chäserenstrasse 23, ",9105 Schönengrund, 1720560.– ,"Haustiere erlaubt, Balkon / Terrasse, Mit Gartenhaus, Cheminée, Kinderfreundlich, Parkplatz, Garage",Nach Vereinbarung,Einfamilienhaus,3.5,,,1200 m²,,,,,
haus,st-gallen,,9643 Krummenau, 321000.– ,,Nach Vereinbarung,Einfamilienhaus,2,,180 m²,,,1919,,,
haus,st-gallen,"Kronenstrasse 4, ",9230 Flawil, 1605000.– ,"Balkon / Terrasse, Keller, Geschirrspüler, Kinderfreundlich, Parkplatz, Garage, Neubau, Eckhaus",01.06.2024,Reihenfamilienhaus,3.5,4,170 m²,146 m²,734 m³,2021,,,
haus,st-gallen,,9631 Ulisbach, 1913160.– ,Altbau,Nach Vereinbarung,Mehrfamilienhaus,,4,890 m²,1157 m²,,1920,,2,
haus,st-gallen,,9473 Gams, 1232640.– ,"Balkon / Terrasse, Cheminée, Garage",Nach Vereinbarung,Doppeleinfamilienhaus,3.5,3,190 m²,271 m²,,1991,,,
haus,st-gallen,,8726 Ricken SG, 1117080.– ,"Balkon / Terrasse, Parkplatz",Nach Vereinbarung,Einfamilienhaus,,2,240 m²,924 m²,,1920,,3,
haus,st-gallen,"Kreuzbergstrasse 20, ",9472 Grabs, 1924710.– ,"Balkon / Terrasse, Keller, Reduit, Geschirrspüler, Steamer, Kabel-TV, Aussicht, Kinderfreundlich, Garage, Minergie zertifiziert",01.09.2024,Doppeleinfamilienhaus,3.5,3,260 m²,333 m²,,2024,,,
haus,st-gallen,,9475 Sevelen, 1630680.– ,Kabel-TV,Nach Vereinbarung,Einfamilienhaus,4.5,2,230 m²,843 m²,,1975,,,
haus,st-gallen,,9014 St. Gallen,auf Anfrage,"Cheminée, Kinderfreundlich, Parkplatz, Bauland erschlossen",Nach Vereinbarung,Einfamilienhaus,3,3,340 m²,1174 m²,1762 m³,1974,,1,
haus,st-gallen,"Brauerstrasse 9, ",9000 St. Gallen, 1271160.– ,"Balkon / Terrasse, Mit Gartenhaus, Kinderfreundlich, Gasanschluss",Nach Vereinbarung,Mehrfamilienhaus,4,4,230 m²,151 m²,,1919,2006,1,
haus,st-gallen,,9470 Buchs SG, 1412400.– ,"Haustiere erlaubt, Kabel-TV",Nach Vereinbarung,Einfamilienhaus,3.5,3,190 m²,356 m²,,1993,,,
haus,st-gallen,"Ebnetstrasse 28, ",9032 Engelburg,auf Anfrage,Cheminée,Nach Vereinbarung,Einfamilienhaus,3.5,,270 m²,1672 m²,1125 m³,,1990,,
haus,st-gallen,"Sankt Josefen-Strasse 60, ",9000 St. Gallen,auf Anfrage,,Nach Vereinbarung,Mehrfamilienhaus,,4,,554 m²,2905 m³,1920,2021,,
haus,st-gallen,"Geissbergstrasse 4a, ",9200 Gossau SG, 2324040.– ,"Kinderfreundlich, Parkplatz, Neubau",Nach Vereinbarung,Einfamilienhaus,3.5,3,190 m²,486 m²,1052 m³,2024,,1,
haus,st-gallen,,9424 Rheineck, 1476600.– ,,Nach Vereinbarung,Mehrfamilienhaus,,5,380 m²,583 m²,1517 m³,1919,,4,
haus,st-gallen,"Weierwisenstrasse 1, ",9500 Wil SG, 1797600.– ,"Balkon / Terrasse, Keller, Estrich, Reduit, Geschirrspüler, Kabel-TV, Cheminée, Aussicht, Kinderfreundlich, Garage",Nach Vereinbarung,Einfamilienhaus,3.5,4,200 m²,403 m²,1243 m³,2000,,,
haus,st-gallen,,9430 St. Margrethen SG, 769110.– ,Kabel-TV,Nach Vereinbarung,Einfamilienhaus,4.5,,230 m²,190 m²,,1919,,,
haus,st-gallen,,9403 Goldach,auf Anfrage,"Mit Gartenhaus, Cheminée, Kinderfreundlich, Garage",Sofort,Villa,4.5,,710 m²,1452 m²,2208 m³,2000,2013,,
haus,st-gallen,,9450 Altstätten,auf Anfrage,Kinderfreundlich,Nach Vereinbarung,Mehrfamilienhaus,5.5,3,250 m²,398 m²,,1900,,4,
haus,st-gallen,,9014 St. Gallen, 4494000.– ,"Cheminée, Aussicht, Kinderfreundlich, Parkplatz, Garage, Swimmingpool",Nach Vereinbarung,Villa,4,3,410 m²,3000 m²,3000 m³,2005,,,
haus,st-gallen,,9008 St. Gallen, 2568000.– ,Balkon / Terrasse,Nach Vereinbarung,Mehrfamilienhaus,7,,570 m²,477 m²,2040 m³,1913,,,
haus,st-gallen,,8880 Walenstadt, 552120.– ,Garage,Nach Vereinbarung,Reihenfamilienhaus,1,,190 m²,97 m²,1167 m³,,,,
haus,st-gallen,,9033 Untereggen, 1014360.– ,"Cheminée, Kinderfreundlich, Parkplatz",Nach Vereinbarung,Einfamilienhaus,2.5,,120 m²,418 m²,817 m³,1994,,,
haus,st-gallen,"Välsli 34, ",9475 Sevelen, 1271160.– ,"Balkon / Terrasse, Kabel-TV, Cheminée, Kinderfreundlich, Garage",Sofort,Einfamilienhaus,4.5,3,210 m²,1325 m²,842 m³,1981,2017,,
haus,st-gallen,,9403 Goldach, 892380.– ,"Cheminée, Parkplatz, Garage, Bauland erschlossen",Nach Vereinbarung,Einfamilienhaus,2.5,,130 m²,274 m²,486 m³,1920,2022,,
haus,st-gallen,"Ahornstrasse, ",8730 Uznach, 2353570.– ,"Balkon / Terrasse, Kabel-TV, Kinderfreundlich, Parkplatz, Garage, Bauland erschlossen, Neubau",01.03.2025,Einfamilienhaus,3.5,,210 m²,563 m²,1258 m³,2024,,,
haus,st-gallen,"Erlenholzstrasse 1, ",9300 Wittenbach, 1476600.– ,"Balkon / Terrasse, Reduit, Geschirrspüler, Kabel-TV, Cheminée, Aussicht, Kinderfreundlich, Parkplatz, Garage",Sofort,Einfamilienhaus,3,3,200 m²,517 m²,745 m³,1972,,,
haus,st-gallen,"Sonnenberg 27, ",8722 Kaltbrunn, 1938840.– ,"Haustiere erlaubt, Mit Gartenhaus, Kinderfreundlich, Parkplatz, Swimmingpool, Gasanschluss",Nach Vereinbarung,Einfamilienhaus,4.5,4,270 m²,989 m²,1127 m³,1920,,1,
haus,st-gallen,,9400 Rorschach, 1149180.– ,"Kinderfreundlich, Parkplatz, Garage, Bauland erschlossen",Nach Vereinbarung,Einfamilienhaus,4.5,,200 m²,512 m²,727 m³,1920,1996,,
haus,st-gallen,"Staatsstrasse, Oberriet SG, ",9463 Oberriet SG, 2824800.– ,,Nach Vereinbarung,Einfamilienhaus,4.5,,640 m²,,,,,,
haus,st-gallen,"Lehnackerstrasse 24, ",9033 Untereggen,auf Anfrage,"Balkon / Terrasse, Keller, Estrich, Reduit, Geschirrspüler, Steamer, Kabel-TV, Cheminée, Aussicht, Kinderfreundlich, Parkplatz, Garage",Nach Vereinbarung,Einfamilienhaus,3.5,2,,1042 m²,,,,,
haus,st-gallen,,8890 Flums, 1605000.– ,"Haustiere erlaubt, Kinderfreundlich, Parkplatz, Garage",Nach Vereinbarung,Einfamilienhaus,3,3,210 m²,550 m²,,1954,,,
haus,st-gallen,"Blumenaustrasse, ",9230 Flawil, 1168440.– ,"Kinderfreundlich, Garage, Neubau",Nach Vereinbarung,Doppeleinfamilienhaus,2.5,,150 m²,,,2024,,,
haus,st-gallen,,9453 Eichberg, 1284000.– ,"Cheminée, Parkplatz",Nach Vereinbarung,Einfamilienhaus,2.5,2,160 m²,2330 m²,,1899,,,
haus,st-gallen,,8726 Ricken SG, 1117080.– ,"Balkon / Terrasse, Parkplatz",Nach Vereinbarung,Mehrfamilienhaus,,2,240 m²,924 m²,,1920,,3,
haus,st-gallen,,9300 Wittenbach, 2953200.– ,"Balkon / Terrasse, Parkplatz",Nach Vereinbarung,Mehrfamilienhaus,6,,420 m²,441 m²,,1885,2023,,
haus,st-gallen,"Haggenstrasse 9, ",9650 Nesslau, 937320.– ,"Haustiere erlaubt, Balkon / Terrasse, Kinderfreundlich, Parkplatz",Nach Vereinbarung,Einfamilienhaus,3.5,3,190 m²,626 m²,724 m³,1977,2004,,
haus,st-gallen,"Tannenstrasse 1, ",9242 Oberuzwil,auf Anfrage,"Balkon / Terrasse, Kinderfreundlich, Parkplatz, Garage",Nach Vereinbarung,Doppeleinfamilienhaus,2.5,,200 m²,362 m²,700 m³,1959,2022,,
haus,st-gallen,,9470 Buchs SG, 1412400.– ,Kabel-TV,Nach Vereinbarung,Einfamilienhaus,3.5,,210 m²,649 m²,,1974,,,
haus,st-gallen,"Oberdorfstrasse 3, ",9249 Algetshausen, 1380300.– ,"Balkon / Terrasse, Kinderfreundlich, Parkplatz, Garage, Altbau",Nach Vereinbarung,Einfamilienhaus,3.5,4,180 m²,972 m²,,1920,2019,,
haus,st-gallen,,9400 Rorschach, 344110.– ,"Haustiere erlaubt, Balkon / Terrasse, Reduit, Geschirrspüler, Cheminée, Aussicht, Kinderfreundlich, Spielplatz, Neubau, Minergie zertifiziert",Nach Vereinbarung,Einfamilienhaus,3.5,2,20 m²,,160 m³,,,,
haus,st-gallen,,9478 Azmoos, 783240.– ,Balkon / Terrasse,Nach Vereinbarung,Einfamilienhaus,3.5,3,160 m²,295 m²,,,,,
haus,st-gallen,,9478 Azmoos, 873120.– ,Balkon / Terrasse,Nach Vereinbarung,Einfamilienhaus,3.5,3,160 m²,467 m²,,,,,
haus,st-gallen,"Schützengartenstrasse 4, ",9242 Oberuzwil, 1913160.– ,"Balkon / Terrasse, Parkplatz, Garage",Nach Vereinbarung,Mehrfamilienhaus,,,,740 m²,2037 m³,1920,,5,
haus,st-gallen,,9033 Untereggen, 2054400.– ,"Haustiere erlaubt, Kinderfreundlich, Parkplatz, Garage",Sofort,Einfamilienhaus,3,,240 m²,1052 m²,759 m³,1985,,,
haus,st-gallen,"Lütenrietstrasse 5, ",9534 Gähwil, 616320.– ,"Balkon / Terrasse, Keller, Estrich, Geschirrspüler, Kinderfreundlich, Parkplatz, Garage",Sofort,Doppeleinfamilienhaus,3.5,4,150 m²,338 m²,,,,,
haus,st-gallen,,9467 Frümsen, 2150700.– ,,Nach Vereinbarung,Einfamilienhaus,3.5,,160 m²,,,,,,
haus,st-gallen,,9467 Frümsen, 2150700.– ,,Nach Vereinbarung,Einfamilienhaus,3.5,,160 m²,,,,,,
haus,st-gallen,,9477 Trübbach,auf Anfrage,"Balkon / Terrasse, Cheminée, Parkplatz, Garage, Altbau",Nach Vereinbarung,Mehrfamilienhaus,,4,,973 m²,,1920,,2,
haus,st-gallen,"Henauerstrasse 54, ",9244 Niederuzwil, 1412400.– ,"Haustiere erlaubt, Balkon / Terrasse, Keller, Estrich, Reduit, Geschirrspüler, Kabel-TV, Kinderfreundlich, Parkplatz",Nach Vereinbarung,Einfamilienhaus,4,3,240 m²,350 m²,942 m³,,2018,,
haus,st-gallen,"Wilerstrasse 6, ",9630 Wattwil,auf Anfrage,,Nach Vereinbarung,Mehrfamilienhaus,,,,,,,,,
haus,st-gallen,"Buggrüti, ",8717 Benken SG / Benken, 2953200.– ,,Nach Vereinbarung,Einfamilienhaus,2.5,,200 m²,2742 m²,,2024,,,
haus,st-gallen,"Quellenstrasse, ",9500 Wil SG, 1861800.– ,,Nach Vereinbarung,Einfamilienhaus,3.5,,180 m²,479 m²,709 m³,1979,,,
haus,st-gallen,"Dorfstrasse 25A, ",9313 Muolen, 1656360.– ,"Balkon / Terrasse, Aussicht, Altbau",Nach Vereinbarung,Einfamilienhaus,3.5,3,320 m²,413 m²,,1600,2025,,
haus,st-gallen,,8730 Uznach, 2503800.– ,"Balkon / Terrasse, Aussicht, Garage",Nach Vereinbarung,Einfamilienhaus,3.5,4,260 m²,444 m²,,2025,,,
haus,st-gallen,,8730 Uznach, 2632200.– ,"Aussicht, Garage",Nach Vereinbarung,Einfamilienhaus,3.5,2,250 m²,543 m²,,2025,,,
haus,st-gallen,,9473 Gams,auf Anfrage,"Cheminée, Aussicht, Parkplatz, Garage",Nach Vereinbarung,Einfamilienhaus,3,,330 m²,2200 m²,,1985,,,
haus,st-gallen,,7313 St. Margrethenberg,auf Anfrage,"Balkon / Terrasse, Cheminée, Aussicht",Nach Vereinbarung,Mehrfamilienhaus,8,,,2330 m²,,,2007,,
haus,st-gallen,,9650 Nesslau, 3081600.– ,"Balkon / Terrasse, Cheminée, Aussicht, Parkplatz, Garage, Lift",Nach Vereinbarung,Einfamilienhaus,3,,360 m²,1202 m²,,2018,,,
haus,st-gallen,,8872 Weesen,auf Anfrage,"Balkon / Terrasse, Cheminée, Parkplatz",Nach Vereinbarung,Villa,4.5,,440 m²,1468 m²,,2006,,,
haus,st-gallen,"Kreuzweg, ",9434 Au SG, 1489440.– ,"Haustiere erlaubt, Balkon / Terrasse, Reduit, Geschirrspüler, Kabel-TV, Cheminée, Aussicht, Rollstuhlgängig, Kinderfreundlich, Parkplatz, Garage, Eckhaus",Nach Vereinbarung,Doppeleinfamilienhaus,2.5,3,160 m²,199 m²,1010 m³,1985,2021,,
haus,st-gallen,,9475 Sevelen,auf Anfrage,"Haustiere erlaubt, Kabel-TV",Nach Vereinbarung,Einfamilienhaus,4.5,3,250 m²,816 m²,,1852,,,
haus,st-gallen,"Alte Jonastrasse 31, ",8640 Rapperswil SG,auf Anfrage,,Nach Vereinbarung,Mehrfamilienhaus,,,,,,,,,
haus,st-gallen,"Fabrikstrasse, ",8887 Mels, 3210000.– ,,Sofort,Villa,6,3,650 m²,862 m²,,,,,
haus,st-gallen,,9470 Buchs SG, 1052880.– ,Haustiere erlaubt,Nach Vereinbarung,Einfamilienhaus,3.5,2,49 m²,549 m²,,1954,,,
haus,st-gallen,,9658 Wildhaus, 1097820.– ,,Nach Vereinbarung,Einfamilienhaus,2.5,,43 m²,323 m²,,1980,,,
haus,st-gallen,,9242 Oberuzwil, 1405980.– ,"Cheminée, Aussicht",Nach Vereinbarung,Einfamilienhaus,3.5,,230 m²,207 m²,954 m³,1978,,,
haus,st-gallen,"Baumgarten, ",9475 Sevelen, 1483020.– ,"Haustiere erlaubt, Kabel-TV, Kinderfreundlich, Parkplatz, Neubau, Eckhaus",20.12.2024,Einfamilienhaus,3.5,3,250 m²,340 m²,669 m³,2024,,,
haus,st-gallen,"Städelistrasse 32, ",9403 Goldach, 1412400.– ,"Balkon / Terrasse, Kinderfreundlich, Parkplatz, Garage",Sofort,Einfamilienhaus,3.5,3,200 m²,552 m²,987 m³,1977,,,
haus,st-gallen,"Wiesenstrasse 19, ",9300 Wittenbach, 1277580.– ,"Haustiere erlaubt, Kinderfreundlich, Parkplatz, Garage, Bauland erschlossen",Sofort,Einfamilienhaus,3.5,2,150 m²,897 m²,,1967,,1,
haus,st-gallen,,9478 Azmoos, 731880.– ,Balkon / Terrasse,Nach Vereinbarung,Einfamilienhaus,3.5,3,160 m²,286 m²,,,,,
haus,st-gallen,"Gossauerstrasse 41, ",9246 Niederbüren,auf Anfrage,"Balkon / Terrasse, Kinderfreundlich, Swimmingpool",Nach Vereinbarung,Einfamilienhaus,4.5,3,310 m²,609 m²,,2017,,,
haus,st-gallen,"Starenweg 2, ",9472 Grabs, 1470180.– ,"Balkon / Terrasse, Kinderfreundlich, Parkplatz, Swimmingpool, Bauland erschlossen, Eckhaus",Nach Vereinbarung,Einfamilienhaus,2.5,,,340 m²,,1987,2023,,
haus,st-gallen,,8730 Uznach, 1213380.– ,"Balkon / Terrasse, Garage",Nach Vereinbarung,Reihenfamilienhaus,3,,190 m²,137 m²,,1994,,,
haus,st-gallen,"Wilketstrasse, ",9115 Dicken, 1001520.– ,"Balkon / Terrasse, Aussicht, Kinderfreundlich, Parkplatz, Garage, Neubau",Sofort,Doppeleinfamilienhaus,3.5,3,190 m²,336 m²,,2024,,,
haus,st-gallen,,9500 Wil,auf Anfrage,"Aussicht, Kinderfreundlich, Garage, Minergie zertifiziert",Nach Vereinbarung,Einfamilienhaus,3.5,2,250 m²,850 m²,1160 m³,2015,,,
haus,st-gallen,"Breitenaustrasse 2, ",8725 Gebertingen,auf Anfrage,,Nach Vereinbarung,Mehrfamilienhaus,,,,1207 m²,6416 m³,1994,,,
haus,st-gallen,"Ebersolerstrasse 65, ",9122 Ebersol,auf Anfrage,"Haustiere erlaubt, Balkon / Terrasse, Waschmaschine, Kabel-TV, Cheminée, Aussicht, Ruhige Lage, Kinderfreundlich, Parkplatz, Garage",Nach Vereinbarung,Mehrfamilienhaus,5,1,350 m²,1129 m²,2458 m³,,2014,,
haus,st-gallen,,8887 Mels, 830740.– ,,Nach Vereinbarung,Einfamilienhaus,3.5,,150 m²,165 m²,,1930,2016,,
haus,st-gallen,"Sankt Georgen-Strasse 106c, ",9011 St. Gallen, 1630680.– ,"Balkon / Terrasse, Parkplatz, Garage, Lift, Eckhaus",Nach Vereinbarung,Reihenfamilienhaus,3.5,,230 m²,,,2022,,,
haus,st-gallen,"Sankt Georgen-Strasse 108, ",9011 St. Gallen, 1438080.– ,"Balkon / Terrasse, Parkplatz, Garage, Lift, Eckhaus",Nach Vereinbarung,Reihenfamilienhaus,2.5,,180 m²,,,2022,,,
haus,st-gallen,,9435 Heerbrugg,auf Anfrage,"Balkon / Terrasse, Reduit, Geschirrspüler, Cheminée, Kinderfreundlich, Parkplatz, Garage",Nach Vereinbarung,Villa,3,2,350 m²,1904 m²,1653 m³,1954,,,
haus,st-gallen,,9445 Rebstein,auf Anfrage,"Haustiere erlaubt, Balkon / Terrasse, Geschirrspüler, Cheminée, Aussicht, Kinderfreundlich, Parkplatz",Nach Vereinbarung,Einfamilienhaus,4.5,3,280 m²,732 m²,1295 m³,,,,
haus,st-gallen,"Sankt Leonhard-Strasse, ",9000 St. Gallen, 3466800.– ,,Nach Vereinbarung,Mehrfamilienhaus,,,,,,,2018,,
haus,st-gallen,,9524 Zuzwil SG,auf Anfrage,"Swimmingpool, Minergie Bauweise",Nach Vereinbarung,Einfamilienhaus,4.5,2,340 m²,900 m²,1887 m³,2011,,,
haus,st-gallen,"Fränzerenstrasse 21, ",9434 Au SG, 1822400.– ,"Kabel-TV, Kinderfreundlich, Parkplatz, Garage, Bauland erschlossen, Neubau",01.02.2025,Einfamilienhaus,3.5,,180 m²,322 m²,849 m³,2024,,,
haus,st-gallen,"Hinterdorfstrasse 3, ",8739 Rieden SG, 770400.– ,"Balkon / Terrasse, Keller, Estrich, Geschirrspüler, Kabel-TV, Aussicht, Kinderfreundlich, Parkplatz, Altbau, Eckhaus",Nach Vereinbarung,Doppeleinfamilienhaus,2.5,2,,246 m²,489 m³,1900,2018,,
haus,st-gallen,"Revierstrasse 15, ",9631 Ulisbach,auf Anfrage,"Haustiere erlaubt, Kabel-TV, Cheminée, Kinderfreundlich, Parkplatz, Garage",Nach Vereinbarung,Einfamilienhaus,3.5,3,170 m²,686 m²,,1994,,1,
haus,st-gallen,,7320 Sargans, 1656360.– ,"Haustiere erlaubt, Kinderfreundlich",Nach Vereinbarung,Einfamilienhaus,3,2,270 m²,608 m²,891 m³,1976,,,
haus,st-gallen,,8645 Jona,auf Anfrage,"Cheminée, Rollstuhlgängig, Garage, Lift",Nach Vereinbarung,Einfamilienhaus,4.5,3,360 m²,919 m²,1590 m³,2022,,2,
haus,st-gallen,"Kreienberg 226, ",9248 Bichwil,auf Anfrage,Garage,Nach Vereinbarung,Einfamilienhaus,,,,1670 m²,,1920,2014,,
haus,st-gallen,"Rickenstrasse 2, ",8732 Neuhaus SG, 2889000.– ,Parkplatz,Nach Vereinbarung,Mehrfamilienhaus,,3,,20856 m²,3463 m³,1866,2005,,
haus,st-gallen,"Chalberweidstrasse 22, ",9475 Sevelen, 1232640.– ,"Balkon / Terrasse, Cheminée, Aussicht, Ruhige Lage, Kinderfreundlich, Parkplatz, Garage",Nach Vereinbarung,Einfamilienhaus,2.5,2,170 m²,640 m²,887 m³,1989,,,
haus,st-gallen,"Privatstrasse, ",8725 Gebertingen,auf Anfrage,"Balkon / Terrasse, Kabel-TV, Cheminée, Aussicht, Ruhige Lage, Kinderfreundlich, Parkplatz, Garage, Swimmingpool",Nach Vereinbarung,Einfamilienhaus,4,3,440 m²,800 m²,1800 m³,1995,2022,,3.4
haus,st-gallen,"Im Zübli 43, ",8730 Uznach, 3017400.– ,"Haustiere erlaubt, Balkon / Terrasse, Mit Gartenhaus, Cheminée, Kinderfreundlich, Parkplatz, Garage, Lift",Nach Vereinbarung,Einfamilienhaus,4.5,4,320 m²,1581 m²,1858 m³,1986,,1,
haus,st-gallen,,7320 Sargans, 3685080.– ,"Balkon / Terrasse, Aussicht, Ruhige Lage, Kinderfreundlich, Garage, Swimmingpool",Nach Vereinbarung,Einfamilienhaus,3,3,200 m²,708 m²,1183 m³,2002,,,
haus,st-gallen,"Paradiesstrasse 16, ",8733 Eschenbach, 3466800.– ,Neubau,Nach Vereinbarung,Doppeleinfamilienhaus,3.5,,330 m²,,,,,,
haus,st-gallen,"Waldrainstrasse, ",9033 Untereggen, 1526670.– ,"Kinderfreundlich, Parkplatz, Garage, Bauland erschlossen, Neubau",Nach Vereinbarung,Einfamilienhaus,2.5,2,51 m²,484 m²,749 m³,2025,,,2.42
haus,st-gallen,,8890 Flums, 1950390.– ,"Haustiere erlaubt, Balkon / Terrasse, Keller, Reduit, Geschirrspüler, Steamer, Kabel-TV, Aussicht, Kinderfreundlich, Parkplatz, Garage, Minergie zertifiziert",01.06.2026,Einfamilienhaus,3.5,4,240 m²,361 m²,1178 m³,2025,,,
haus,st-gallen,,9000 St. Gallen,auf Anfrage,"Balkon / Terrasse, Parkplatz, Lift",Sofort,Mehrfamilienhaus,15,,920 m²,225 m²,,1910,2008,,
haus,st-gallen,"Sonnenbühlstrasse 6, ",9200 Gossau SG, 1129920.– ,"Balkon / Terrasse, Aussicht, Kinderfreundlich, Parkplatz, Garage, Altbau",Nach Vereinbarung,Mehrfamilienhaus,,3,,374 m²,1083 m³,1920,2022,,
haus,st-gallen,"Rickenstrasse 8, ",8737 Gommiswald, 667680.– ,Haustiere erlaubt,Nach Vereinbarung,Einfamilienhaus,2.5,1,,,,,,,
haus,st-gallen,,9500 Wil SG, 2401080.– ,Parkplatz,Sofort,Mehrfamilienhaus,3,,190 m²,746 m²,,1919,,,
haus,st-gallen,"Stöcklistrasse 2, ",8890 Flums, 885960.– ,,Nach Vereinbarung,Einfamilienhaus,3.5,,,,,,,,
haus,st-gallen,,9500 Wil SG, 4365600.– ,Parkplatz,Sofort,Mehrfamilienhaus,5,,580 m²,746 m²,,,,,
haus,st-gallen,"Steinenhofstrasse 3, ",8722 Kaltbrunn, 3338400.– ,"Haustiere erlaubt, Balkon / Terrasse, Reduit, Geschirrspüler, Aussicht, Parkplatz",Sofort,Mehrfamilienhaus,,3,,764 m²,,2014,,,
haus,st-gallen,,8880 Walenstadt, 475080.– ,,Nach Vereinbarung,Einfamilienhaus,,,,,,,,,
haus,st-gallen,"Bildfeldstrasse, ",9552 Wil, 5751030.– ,"Balkon / Terrasse, Kabel-TV, Parkplatz, Garage",Nach Vereinbarung,Mehrfamilienhaus,,3,1010 m²,1295 m²,3730 m³,1972,2014,,
haus,st-gallen,"Büchelstrasse 15, ",9464 Rüthi (Rheintal),auf Anfrage,"Mit Gartenhaus, Kabel-TV, Cheminée, Kinderfreundlich",Nach Vereinbarung,Einfamilienhaus,4.5,2,510 m²,2505 m²,,1983,,,
haus,st-gallen,"Ernetschwilerstrasse 10, ",8737 Gommiswald, 19260.– ,,Nach Vereinbarung,Einfamilienhaus,2.5,,43 m²,,,,,,
haus,st-gallen,"Loretostrasse 3, ",9620 Lichtensteig, 1174860.– ,,Nach Vereinbarung,Einfamilienhaus,4.5,,190 m²,,,,,,
haus,st-gallen,"Kapellweg 3, ",9464 Lienz, 616320.– ,"Haustiere erlaubt, Balkon / Terrasse, Kabel-TV, Kinderfreundlich, Garage",Sofort,Einfamilienhaus,5.5,,280 m²,693 m²,1669 m³,1919,,,
haus,st-gallen,,8733 Eschenbach SG, 1142760.– ,,Nach Vereinbarung,Doppeleinfamilienhaus,3,,,,,,,,
haus,st-gallen,"Güetlistrasse 15A, ",9403 Goldach, 1797600.– ,"Balkon / Terrasse, Cheminée, Kinderfreundlich, Parkplatz, Garage, Bauland erschlossen",Sofort,Villa,3.5,2,220 m²,1166 m²,930 m³,1973,,,2.4
haus,st-gallen,"Büntenstrasse 8b, ",7323 Wangs, 1682040.– ,"Kinderfreundlich, Parkplatz, Garage, Lift, Bauland erschlossen, Neubau, Minergie Bauweise, Eckhaus",Nach Vereinbarung,Doppeleinfamilienhaus,3.5,4,,,820 m³,2024,,,2.66
haus,st-gallen,"Bitziweidstrasse, ",8739 Rieden SG, 1476600.– ,"Balkon / Terrasse, Cheminée, Aussicht, Parkplatz, Garage",Nach Vereinbarung,Einfamilienhaus,2.5,3,140 m²,545 m²,787 m³,1996,2019,,
haus,st-gallen,,9000 St. Gallen,auf Anfrage,Swimmingpool,Nach Vereinbarung,Einfamilienhaus,4.5,,1020 m²,5000 m²,,,,,
haus,st-gallen,,9444 Diepoldsau,auf Anfrage,"Balkon / Terrasse, Cheminée, Aussicht, Ruhige Lage, Kinderfreundlich, Parkplatz, Garage",Nach Vereinbarung,Einfamilienhaus,3.5,3,150 m²,508 m²,839 m³,2005,2018,,
haus,st-gallen,"Gallusstrasse und Windeggstrasse, ",8873 Amden, 2523060.– ,"Balkon / Terrasse, Kinderfreundlich, Parkplatz, Garage",Sofort,Einfamilienhaus,4.5,,,,,2024,,,
haus,st-gallen,"Fürstenlandstrasse, ",9500 Wil SG, 1142760.– ,,Nach Vereinbarung,Einfamilienhaus,,,,354 m²,,,,,
haus,st-gallen,"Buebenloostrasse, ",9500 Wil SG, 2208480.– ,,Nach Vereinbarung,Einfamilienhaus,,,,1091 m²,,,,,
haus,st-gallen,"Rempartstrasse, ",8880 Walenstadt, 475080.– ,,Nach Vereinbarung,Einfamilienhaus,3,,52 m²,168 m²,,,,,
haus,st-gallen,"Oberwingertstrasse, ",9436 Balgach, 5450580.– ,"Balkon / Terrasse, Parkplatz",Nach Vereinbarung,Einfamilienhaus,,,,,,,,,
haus,st-gallen,"Feldstrasse, ",8733 Eschenbach SG, 1142760.– ,,Nach Vereinbarung,Einfamilienhaus,,,,427 m²,,,,,
haus,st-gallen,"Ruthsitzstrasse, St. Gallen, ",9000 St. Gallen, 3338400.– ,,Nach Vereinbarung,Einfamilienhaus,4.5,,1020 m²,,,,,,
haus,st-gallen,"Weiherhofstrasse 12, ",9552 Bronschhofen, 1399560.– ,"Haustiere erlaubt, Balkon / Terrasse, Kinderfreundlich, Neubau",Nach Vereinbarung,Reihenfamilienhaus,3.5,3,200 m²,120 m²,690 m³,2024,,,
haus,st-gallen,"Weiherhofstrasse, ",9552 Bronschhofen, 1656360.– ,Kinderfreundlich,Nach Vereinbarung,Reihenfamilienhaus,3.5,,190 m²,228 m²,680 m³,2024,,,
haus,st-gallen,"Weiherhofstrasse, ",9552 Bronschhofen, 802500.– ,,Nach Vereinbarung,Reihenfamilienhaus,2.5,,41 m²,82 m²,296 m³,2024,,,
haus,st-gallen,"Weiherhofstrasse, ",9552 Bronschhofen, 802500.– ,,Nach Vereinbarung,Reihenfamilienhaus,2.5,,38 m²,133 m²,305 m³,2024,,,
haus,st-gallen,"Seeblickstrasse, ",8716 Schmerikon, 3659400.– ,Neubau,Nach Vereinbarung,Doppeleinfamilienhaus,3.5,,260 m²,,,,,,
haus,st-gallen,"Kirlenstrasse, ",9450 Altstätten SG,auf Anfrage,"Kinderfreundlich, Garage",Nach Vereinbarung,Einfamilienhaus,3.5,,,359 m²,1006 m³,2025,,,
haus,st-gallen,"Kirlenstrasse, ",9450 Altstätten SG,auf Anfrage,"Kinderfreundlich, Garage",Nach Vereinbarung,Einfamilienhaus,3.5,,,277 m²,996 m³,2025,,,
haus,st-gallen,,9113 Degersheim, 751140.– ,Garage,Nach Vereinbarung,Mehrfamilienhaus,,,,162 m²,873 m³,1920,,,
haus,st-gallen,"Buchenstrasse, ",9524 Zuzwil SG, 2041560.– ,"Kinderfreundlich, Parkplatz, Neubau",Nach Vereinbarung,Doppeleinfamilienhaus,3.5,,180 m²,375 m²,,2024,,,
haus,st-gallen,,9657 Unterwasser, 892380.– ,Balkon / Terrasse,Nach Vereinbarung,Einfamilienhaus,2.5,3,120 m²,284 m²,,1997,,,
haus,st-gallen,,9000 St. Gallen, 2157120.– ,,Nach Vereinbarung,Einfamilienhaus,4.5,,500 m²,,,,,,
haus,st-gallen,,8738 Uetliburg SG,auf Anfrage,"Haustiere erlaubt, Balkon / Terrasse, Reduit, Geschirrspüler, Kabel-TV, Cheminée, Aussicht, Kinderfreundlich, Parkplatz, Garage",Nach Vereinbarung,Terrassenhaus,3.5,,,997 m²,,,,,
haus,st-gallen,,9242 Oberuzwil, 2311200.– ,,Nach Vereinbarung,Mehrfamilienhaus,,,,1309 m²,,,,,
haus,st-gallen,,9000 St. Gallen, 64200.– ,"Balkon / Terrasse, Parkplatz",Sofort,Mehrfamilienhaus,,5,,,,1965,,5,
haus,st-gallen,,9403 Goldach,auf Anfrage,"Haustiere erlaubt, Cheminée, Kinderfreundlich, Garage",Nach Vereinbarung,Reihenfamilienhaus,3.5,,150 m²,183 m²,,1989,2018,,
haus,st-gallen,,8722 Kaltbrunn, 1662780.– ,"Balkon / Terrasse, Cheminée, Aussicht, Ruhige Lage, Kinderfreundlich, Parkplatz, Garage",Nach Vereinbarung,Einfamilienhaus,3.5,4,,,,,,,
haus,st-gallen,,9655 Stein SG, 1489440.– ,"Haustiere erlaubt, Kabel-TV, Kinderfreundlich, Parkplatz",Nach Vereinbarung,Einfamilienhaus,3.5,,200 m²,885 m²,,2023,,,
haus,st-gallen,,9436 Balgach,auf Anfrage,"Balkon / Terrasse, Geschirrspüler, Kabel-TV, Aussicht, Parkplatz, Garage, Altbau",Nach Vereinbarung,Einfamilienhaus,2.5,4,190 m²,4001 m²,1245 m³,1905,2019,,
haus,st-gallen,,9240 Uzwil, 1527960.– ,"Cheminée, Kinderfreundlich, Garage",Nach Vereinbarung,Reihenfamilienhaus,3.5,,240 m²,192 m²,770 m³,1989,2017,,
haus,st-gallen,,9450 Altstätten SG,auf Anfrage,"Kinderfreundlich, Garage",Nach Vereinbarung,Einfamilienhaus,3.5,,,215 m²,1007 m³,2025,,,
haus,st-gallen,,9450 Altstätten SG,auf Anfrage,"Kinderfreundlich, Garage, Neubau",Nach Vereinbarung,Einfamilienhaus,3.5,,,400 m²,1078 m³,2025,,,
haus,st-gallen,,9450 Altstätten SG,auf Anfrage,"Kinderfreundlich, Garage, Neubau",Nach Vereinbarung,Einfamilienhaus,3.5,,,370 m²,1083 m³,2025,,,
haus,st-gallen,,9450 Altstätten SG,auf Anfrage,"Kinderfreundlich, Garage, Neubau",Nach Vereinbarung,Einfamilienhaus,3.5,,,315 m²,940 m³,2025,,,
haus,st-gallen,"Gommiswald, ",8738 Uetliburg SG, 1694880.– ,,Nach Vereinbarung,Einfamilienhaus,4.5,,990 m²,,,,,,
haus,st-gallen,,8739 Rieden SG, 963000.– ,"Cheminée, Aussicht, Ruhige Lage, Parkplatz, Altbau",Sofort,Einfamilienhaus,3,3,200 m²,1498 m²,,,,,
haus,st-gallen,,9434 Au SG, 1409830.– ,"Haustiere erlaubt, Kabel-TV, Cheminée, Kinderfreundlich, Parkplatz, Garage, Swimmingpool",Nach Vereinbarung,Doppeleinfamilienhaus,4.5,2,220 m²,517 m²,975 m³,1994,2019,1,
haus,st-gallen,"Kreuzstrasse 9B, ",9032 Engelburg, 1209520.– ,"Haustiere erlaubt, Balkon / Terrasse, Kabel-TV, Kinderfreundlich, Parkplatz",Nach Vereinbarung,Reihenfamilienhaus,3,3,170 m²,133 m²,,1972,2018,,
haus,st-gallen,,9657 Unterwasser, 873120.– ,Balkon / Terrasse,Nach Vereinbarung,Einfamilienhaus,2,2,,284 m²,,1979,,,
haus,st-gallen,,9655 Stein SG, 815340.– ,"Haustiere erlaubt, Kabel-TV, Kinderfreundlich, Parkplatz, Neubau",Nach Vereinbarung,Einfamilienhaus,3.5,,39 m²,400 m²,,2024,,,
haus,st-gallen,,9630 Wattwil,auf Anfrage,"Haustiere erlaubt, Kabel-TV, Cheminée, Kinderfreundlich, Parkplatz, Garage",Nach Vereinbarung,Einfamilienhaus,3.5,3,170 m²,686 m²,,1994,,1,
haus,st-gallen,"Konstanzerstrasse 27a, ",9512 Rossrüti,auf Anfrage,"Balkon / Terrasse, Keller, Geschirrspüler, Steamer, Kabel-TV, Kinderfreundlich, Spielplatz, Parkplatz, Garage, Eckhaus",Nach Vereinbarung,Doppeleinfamilienhaus,3.5,3,170 m²,284 m²,700 m³,2024,,,
haus,st-gallen,"Sonnenhalb, ",9656 Alt St. Johann, 796080.– ,,Nach Vereinbarung,Einfamilienhaus,3.5,,300 m²,,,,,,
haus,st-gallen,"Winkel 3, ",9245 Oberbüren, 1926000.– ,,Nach Vereinbarung,Einfamilienhaus,4.5,,,,,,,,
haus,st-gallen,"Wis, ",9604 Unterrindal, 1348200.– ,,Nach Vereinbarung,Einfamilienhaus,4.5,,510 m²,,,,,,
haus,st-gallen,"Winkel 3, ",9245 Oberbüren, 1926000.– ,"Balkon / Terrasse, Kinderfreundlich, Parkplatz, Garage, Neubau, Altbau",Sofort,Mehrfamilienhaus,12,,,,,,,,
haus,st-gallen,"Wasserfluh 262, ",9620 Lichtensteig, 1027200.– ,,Nach Vereinbarung,Einfamilienhaus,4.5,,360 m²,,,,,,
haus,st-gallen,"Hof 69, ",9478 Azmoos, 860280.– ,,Nach Vereinbarung,Einfamilienhaus,3,,53 m²,,,,,,
haus,st-gallen,"Rebstein SG, ",9445 Rebstein, 924480.– ,,Nach Vereinbarung,Einfamilienhaus,3,,980 m²,,,,,,
haus,st-gallen,,8890 Flums, 1900320.– ,"Balkon / Terrasse, Parkplatz, Garage",Nach Vereinbarung,Einfamilienhaus,3,,200 m²,480 m²,,2009,2021,,
haus,st-gallen,,9470 Buchs SG, 2118600.– ,Kabel-TV,Nach Vereinbarung,Einfamilienhaus,4.5,2,210 m²,1116 m²,,,,,
haus,st-gallen,"Hinterdorfstrasse 5, ",8739 Rieden SG, 616320.– ,"Balkon / Terrasse, Keller, Estrich, Geschirrspüler, Kabel-TV, Aussicht, Kinderfreundlich, Parkplatz, Altbau, Eckhaus",Nach Vereinbarung,Doppeleinfamilienhaus,2.5,2,,147 m²,427 m³,1900,,,
haus,st-gallen,,8638 Goldingen,auf Anfrage,"Balkon / Terrasse, Cheminée, Aussicht, Parkplatz, Garage, Lift, Swimmingpool",Nach Vereinbarung,Villa,5,,,8365 m²,,1998,,,
haus,st-gallen,,8730 Uznach, 1341780.– ,"Balkon / Terrasse, Kabel-TV, Parkplatz, Garage",Nach Vereinbarung,Einfamilienhaus,3.5,,130 m²,434 m²,715 m³,1953,2022,,
haus,st-gallen,,9470 Buchs SG, 963000.– ,,Nach Vereinbarung,Einfamilienhaus,3.5,,200 m²,756 m²,,1796,,,
haus,st-gallen,,9464 Rüthi, 2824800.– ,Balkon / Terrasse,Nach Vereinbarung,Einfamilienhaus,3,,400 m²,1341 m²,,1988,,,
haus,st-gallen,,9422 Staad SG, 1271160.– ,"Balkon / Terrasse, Parkplatz",Sofort,Mehrfamilienhaus,4,,,,,1919,2023,,
haus,st-gallen,"Höhlerstrasse 7, ",9445 Rebstein,auf Anfrage,"Balkon / Terrasse, Kabel-TV, Cheminée, Kinderfreundlich, Garage",Nach Vereinbarung,Einfamilienhaus,3.5,,190 m²,625 m²,,1968,,,
haus,st-gallen,,8730 Uznach, 2272680.– ,"Aussicht, Garage",Nach Vereinbarung,Einfamilienhaus,2.5,2,180 m²,485 m²,,2025,,,
haus,st-gallen,,9300 Wittenbach, 2182800.– ,Bauland erschlossen,Nach Vereinbarung,Einfamilienhaus,,,,1229 m²,,,,,
haus,st-gallen,,9523 Züberwangen, 1078560.– ,Parkplatz,Nach Vereinbarung,Einfamilienhaus,3.5,,140 m²,418 m²,,2000,2013,,
haus,st-gallen,,9403 Goldach,auf Anfrage,"Haustiere erlaubt, Balkon / Terrasse, Cheminée, Kinderfreundlich, Parkplatz, Garage",Nach Vereinbarung,Einfamilienhaus,3.5,2,180 m²,863 m²,,1986,,,
haus,st-gallen,,8732 Neuhaus SG, 1990200.– ,"Kinderfreundlich, Garage",Nach Vereinbarung,Reihenfamilienhaus,3.5,3,240 m²,259 m²,,2024,,,
haus,st-gallen,,8737 Gommiswald, 1142760.– ,,Nach Vereinbarung,Doppeleinfamilienhaus,3.5,,130 m²,90 m²,579 m³,,2019,,
haus,st-gallen,,9113 Degersheim, 2760600.– ,"Balkon / Terrasse, Rollstuhlgängig, Parkplatz, Garage",Nach Vereinbarung,Mehrfamilienhaus,9.5,4,680 m²,1021 m²,,1975,2023,,
haus,st-gallen,,9658 Wildhaus, 1264740.– ,"Balkon / Terrasse, Parkplatz, Garage",Nach Vereinbarung,Einfamilienhaus,3.5,,170 m²,724 m²,726 m³,,2020,,
haus,st-gallen,"Birkenhaldenstrasse 27B, ",8738 Uetliburg, 1476600.– ,"Balkon / Terrasse, Cheminée, Aussicht, Ruhige Lage, Kinderfreundlich, Parkplatz, Garage",Sofort,Einfamilienhaus,3.5,3,280 m²,450 m²,970 m³,1989,,,
haus,st-gallen,"Hochwachtstrasse 9, ",9552 Bronschhofen, 1605000.– ,"Balkon / Terrasse, Kinderfreundlich, Parkplatz",Nach Vereinbarung,Einfamilienhaus,4.5,3,210 m²,427 m²,1257 m³,1981,2010,1,
haus,st-gallen,"Gasterstrasse 59, ",8722 Kaltbrunn, 1027200.– ,"Balkon / Terrasse, Ruhige Lage, Kinderfreundlich, Parkplatz, Altbau, Stromanschluss, Wasseranschluss, Abwasseranschluss",Nach Vereinbarung,Einfamilienhaus,3.5,4,,923 m²,,1923,,,
haus,st-gallen,"Schmitterstrasse 10, ",9444 Diepoldsau, 1014360.– ,Parkplatz,Nach Vereinbarung,Einfamilienhaus,2.5,,160 m²,593 m²,,1920,2013,,
haus,st-gallen,"Paradisstrasse 3, ",9402 Mörschwil,auf Anfrage,"Balkon / Terrasse, Cheminée, Aussicht, Garage, Swimmingpool",Nach Vereinbarung,Villa,4.5,2,470 m²,1494 m²,2775 m³,1966,,,
haus,st-gallen,"Täliweg 4a, ",8887 Mels, 1540800.– ,"Haustiere erlaubt, Balkon / Terrasse, Kabel-TV, Kinderfreundlich, Parkplatz, Garage, Neubau",Nach Vereinbarung,Doppeleinfamilienhaus,3.5,,200 m²,281 m²,,2024,,,2.4
haus,st-gallen,"Tiefenackerstrasse 37, ",9450 Altstätten SG, 796080.– ,"Kinderfreundlich, Parkplatz, Garage",Nach Vereinbarung,Doppeleinfamilienhaus,2.5,,120 m²,464 m²,546 m³,1963,,,
haus,st-gallen,"Krans-Lachenstrasse 23, ",9450 Altstätten SG, 2375400.– ,"Balkon / Terrasse, Kinderfreundlich, Parkplatz, Garage",Nach Vereinbarung,Einfamilienhaus,5,,410 m²,2070 m²,1702 m³,1964,,,
haus,st-gallen,"Kanalweg 6, ",9462 Montlingen, 757560.– ,"Balkon / Terrasse, Kinderfreundlich, Parkplatz",Nach Vereinbarung,Einfamilienhaus,3,,,,,,,,2.35
haus,st-gallen,"Marktweg 3, ",9472 Grabs, 975840.– ,"Kinderfreundlich, Parkplatz, Garage",Nach Vereinbarung,Einfamilienhaus,3.5,,130 m²,,822 m³,1920,,,
haus,st-gallen,"Hostetweg 5, ",9469 Haag (Rheintal), 1630680.– ,"Balkon / Terrasse, Kabel-TV, Cheminée, Kinderfreundlich, Garage",Nach Vereinbarung,Einfamilienhaus,3.5,,180 m²,807 m²,928 m³,2012,,,
haus,st-gallen,"Alte Strasse 10, ",9620 Lichtensteig, 449400.– ,,Nach Vereinbarung,Einfamilienhaus,3,,130 m²,132 m²,,,,,
haus,st-gallen,"Lärchenweg 7, ",9450 Altstätten SG, 1091400.– ,"Kinderfreundlich, Parkplatz, Garage",Nach Vereinbarung,Einfamilienhaus,3.5,,130 m²,599 m²,655 m³,1970,,,
haus,st-gallen,"Giessenstrasse 12, ",9469 Haag (Rheintal), 1219800.– ,"Haustiere erlaubt, Balkon / Terrasse, Reduit, Geschirrspüler, Kabel-TV, Aussicht, Kinderfreundlich, Parkplatz, Garage",Nach Vereinbarung,Einfamilienhaus,3.5,2,150 m²,403 m²,,1998,2014,,
haus,st-gallen,"Poststrasse 3a, ",9313 Muolen, 1348200.– ,"Balkon / Terrasse, Aussicht, Kinderfreundlich, Parkplatz, Garage",Nach Vereinbarung,Doppeleinfamilienhaus,3.5,4,190 m²,361 m²,839 m³,2003,,,
haus,st-gallen,"Unterdorfstrasse 34, ",9444 Diepoldsau, 1025910.– ,"Balkon / Terrasse, Kabel-TV, Kinderfreundlich",Nach Vereinbarung,Doppeleinfamilienhaus,3.5,4,160 m²,172 m²,684 m³,1996,,1,
haus,st-gallen,"Bahnhofstrasse 68, ",9450 Altstätten SG, 1476600.– ,"Haustiere erlaubt, Balkon / Terrasse, Cheminée, Parkplatz, Garage",Nach Vereinbarung,Einfamilienhaus,,,220 m²,,,1983,2010,,
haus,st-gallen,"Oberfeldstrasse 9a, ",9445 Rebstein, 706200.– ,"Parkplatz, Garage",Sofort,Reihenfamilienhaus,2.5,,130 m²,776 m²,,1920,,,
haus,st-gallen,"Oberwiesstrasse 68, ",8645 Jona,auf Anfrage,"Balkon / Terrasse, Kabel-TV, Cheminée, Aussicht, Kinderfreundlich, Parkplatz, Garage",Nach Vereinbarung,Reihenfamilienhaus,3.5,,180 m²,628 m²,761 m³,1983,,,
haus,st-gallen,"Untergasse 8, ",9437 Marbach SG, 834600.– ,"Haustiere erlaubt, Balkon / Terrasse, Mit Gartenhaus, Kabel-TV, Kinderfreundlich, Parkplatz, Bauland erschlossen, Gasanschluss",Nach Vereinbarung,Einfamilienhaus,3.5,,180 m²,363 m²,,1920,2009,1,
haus,st-gallen,"Bachstrasse 10A, ",9470 Buchs SG, 2118600.– ,"Haustiere erlaubt, Balkon / Terrasse, Keller, Reduit, Geschirrspüler, Kabel-TV, Cheminée, Aussicht, Kinderfreundlich, Spielplatz, Parkplatz, Garage",Sofort,Einfamilienhaus,4.5,3,240 m²,806 m²,,1970,,,
haus,st-gallen,,9436 Balgach, 1149180.– ,"Aussicht, Kinderfreundlich, Garage",Sofort,Einfamilienhaus,4.5,,180 m²,568 m²,826 m³,1941,2018,,
haus,st-gallen,,9500 Wil SG, 680520.– ,,Sofort,Einfamilienhaus,2.5,,,156 m²,,1954,1987,,
haus,st-gallen,"Hauptstrasse 49, ",9113 Degersheim, 1091400.– ,,Sofort,Mehrfamilienhaus,,,,316 m²,,1913,2013,3,
haus,st-gallen,"Buebeseggstrasse, ",9650 Nesslau, 1656360.– ,"Balkon / Terrasse, Aussicht, Kinderfreundlich, Parkplatz, Garage, Neubau, Minergie Bauweise",Nach Vereinbarung,Einfamilienhaus,3.5,3,230 m²,522 m²,850 m³,2024,,,2.35
haus,st-gallen,"Lindaustrasse 10, ",9524 Zuzwil SG,auf Anfrage,"Haustiere erlaubt, Kabel-TV, Cheminée, Kinderfreundlich, Bauland erschlossen, Neubau",Nach Vereinbarung,Einfamilienhaus,3.5,2,190 m²,483 m²,1103 m³,2024,,,
haus,st-gallen,"Dorfstrasse 25A, ",9313 Muolen, 1566480.– ,"Balkon / Terrasse, Aussicht, Kinderfreundlich, Neubau, Minergie Bauweise",Sofort,Reihenfamilienhaus,3.5,3,240 m²,294 m²,,2025,,,
haus,st-gallen,"Ebni, ",9473 Gams, 2426760.– ,"Haustiere erlaubt, Balkon / Terrasse, Waschmaschine, Kabel-TV, Aussicht, Ruhige Lage, Parkplatz, Garage, Swimmingpool, Neubau, Minergie Bauweise, Stromanschluss",01.04.2025,Einfamilienhaus,3.5,4,290 m²,470 m²,1210 m³,2024,,,250
haus,st-gallen,"Ulrich-Röschstrasse 10, ",9500 Wil SG, 3068760.– ,"Haustiere erlaubt, Balkon / Terrasse, Keller, Reduit, Geschirrspüler, Steamer, Kabel-TV, Aussicht, Kinderfreundlich, Parkplatz, Garage, Neubau, Minergie zertifiziert",01.05.2025,Einfamilienhaus,3,4,270 m²,339 m²,1438 m³,2024,,,
